
---
events:
  -
    kind: "message-v1"
    backtrace:
      - "C:/Program Files/Microsoft Visual Studio/2022/Community/Common7/IDE/CommonExtensions/Microsoft/CMake/CMake/share/cmake-3.31/Modules/CMakeDetermineSystem.cmake:205 (message)"
      - "CMakeLists.txt:9 (project)"
    message: |
      The system is: Windows - 10.0.26100 - AMD64
  -
    kind: "message-v1"
    backtrace:
      - "C:/Program Files/Microsoft Visual Studio/2022/Community/Common7/IDE/CommonExtensions/Microsoft/CMake/CMake/share/cmake-3.31/Modules/CMakeDetermineCompilerId.cmake:17 (message)"
      - "C:/Program Files/Microsoft Visual Studio/2022/Community/Common7/IDE/CommonExtensions/Microsoft/CMake/CMake/share/cmake-3.31/Modules/CMakeDetermineCompilerId.cmake:64 (__determine_compiler_id_test)"
      - "C:/Program Files/Microsoft Visual Studio/2022/Community/Common7/IDE/CommonExtensions/Microsoft/CMake/CMake/share/cmake-3.31/Modules/CMakeDetermineCCompiler.cmake:123 (CMAKE_DETERMINE_COMPILER_ID)"
      - "CMakeLists.txt:9 (project)"
    message: |
      Compiling the C compiler identification source file "CMakeCCompilerId.c" succeeded.
      Compiler: C:/Program Files/Microsoft Visual Studio/2022/Community/VC/Tools/MSVC/14.44.35207/bin/Hostx64/x64/cl.exe 
      Build flags: /nologo;/DWIN32;/D_WINDOWS;/utf-8;/MP
      Id flags:  
      
      The output was:
      0
      CMakeCCompilerId.c
      
      
      Compilation of the C compiler identification source "CMakeCCompilerId.c" produced "CMakeCCompilerId.exe"
      
      Compilation of the C compiler identification source "CMakeCCompilerId.c" produced "CMakeCCompilerId.obj"
      
      The C compiler identification is MSVC, found in:
        C:/Users/jonas/Downloads/rompecabezas-kinect-c/vcpkg_installed/vcpkg/blds/sdl2/x64-windows-rel/CMakeFiles/3.31.6-msvc6/CompilerIdC/CMakeCCompilerId.exe
      
  -
    kind: "message-v1"
    backtrace:
      - "C:/Program Files/Microsoft Visual Studio/2022/Community/Common7/IDE/CommonExtensions/Microsoft/CMake/CMake/share/cmake-3.31/Modules/CMakeDetermineCompilerId.cmake:1288 (message)"
      - "C:/Program Files/Microsoft Visual Studio/2022/Community/Common7/IDE/CommonExtensions/Microsoft/CMake/CMake/share/cmake-3.31/Modules/CMakeDetermineCompilerId.cmake:250 (CMAKE_DETERMINE_MSVC_SHOWINCLUDES_PREFIX)"
      - "C:/Program Files/Microsoft Visual Studio/2022/Community/Common7/IDE/CommonExtensions/Microsoft/CMake/CMake/share/cmake-3.31/Modules/CMakeDetermineCCompiler.cmake:123 (CMAKE_DETERMINE_COMPILER_ID)"
      - "CMakeLists.txt:9 (project)"
    message: |
      Detecting C compiler /showIncludes prefix:
        main.c
        Nota: inclusión del archivo: C:\\Users\\jonas\\Downloads\\rompecabezas-kinect-c\\vcpkg_installed\\vcpkg\\blds\\sdl2\\x64-windows-rel\\CMakeFiles\\ShowIncludes\\foo.h
        
      Found prefix "Nota: inclusión del archivo: "
  -
    kind: "try_compile-v1"
    backtrace:
      - "C:/Program Files/Microsoft Visual Studio/2022/Community/Common7/IDE/CommonExtensions/Microsoft/CMake/CMake/share/cmake-3.31/Modules/CMakeDetermineCompilerABI.cmake:74 (try_compile)"
      - "C:/Program Files/Microsoft Visual Studio/2022/Community/Common7/IDE/CommonExtensions/Microsoft/CMake/CMake/share/cmake-3.31/Modules/CMakeTestCCompiler.cmake:26 (CMAKE_DETERMINE_COMPILER_ABI)"
      - "CMakeLists.txt:9 (project)"
    checks:
      - "Detecting C compiler ABI info"
    directories:
      source: "C:/Users/jonas/Downloads/rompecabezas-kinect-c/vcpkg_installed/vcpkg/blds/sdl2/x64-windows-rel/CMakeFiles/CMakeScratch/TryCompile-dnmog1"
      binary: "C:/Users/jonas/Downloads/rompecabezas-kinect-c/vcpkg_installed/vcpkg/blds/sdl2/x64-windows-rel/CMakeFiles/CMakeScratch/TryCompile-dnmog1"
    cmakeVariables:
      CMAKE_C_FLAGS: " /nologo /DWIN32 /D_WINDOWS /utf-8 /MP "
      CMAKE_C_FLAGS_DEBUG: "/MDd /Z7 /Ob0 /Od /RTC1 "
      CMAKE_EXE_LINKER_FLAGS: "/machine:x64"
      CMAKE_MSVC_DEBUG_INFORMATION_FORMAT: ""
      CMAKE_MSVC_RUNTIME_LIBRARY: "MultiThreaded$<$<CONFIG:Debug>:Debug>$<$<STREQUAL:dynamic,dynamic>:DLL>"
      VCPKG_CHAINLOAD_TOOLCHAIN_FILE: "C:/Program Files/Microsoft Visual Studio/2022/Community/VC/vcpkg/scripts/toolchains/windows.cmake"
      VCPKG_CRT_LINKAGE: "dynamic"
      VCPKG_CXX_FLAGS: ""
      VCPKG_CXX_FLAGS_DEBUG: ""
      VCPKG_CXX_FLAGS_RELEASE: ""
      VCPKG_C_FLAGS: ""
      VCPKG_C_FLAGS_DEBUG: ""
      VCPKG_C_FLAGS_RELEASE: ""
      VCPKG_INSTALLED_DIR: "C:/Users/jonas/Downloads/rompecabezas-kinect-c/vcpkg_installed"
      VCPKG_LINKER_FLAGS: ""
      VCPKG_LINKER_FLAGS_DEBUG: ""
      VCPKG_LINKER_FLAGS_RELEASE: ""
      VCPKG_PLATFORM_TOOLSET: "v143"
      VCPKG_PREFER_SYSTEM_LIBS: "OFF"
      VCPKG_SET_CHARSET_FLAG: "ON"
      VCPKG_TARGET_ARCHITECTURE: "x64"
      VCPKG_TARGET_TRIPLET: "x64-windows"
      Z_VCPKG_ROOT_DIR: "C:/Program Files/Microsoft Visual Studio/2022/Community/VC/vcpkg"
    buildResult:
      variable: "CMAKE_C_ABI_COMPILED"
      cached: true
      stdout: |
        Change Dir: 'C:/Users/jonas/Downloads/rompecabezas-kinect-c/vcpkg_installed/vcpkg/blds/sdl2/x64-windows-rel/CMakeFiles/CMakeScratch/TryCompile-dnmog1'
        
        Run Build Command(s): "C:/Program Files/Microsoft Visual Studio/2022/Community/Common7/IDE/CommonExtensions/Microsoft/CMake/Ninja/ninja.exe" -v cmTC_519ff
        [1/2] C:\\PROGRA~1\\MIB055~1\\2022\\COMMUN~1\\VC\\Tools\\MSVC\\1444~1.352\\bin\\Hostx64\\x64\\cl.exe  /nologo   /nologo /DWIN32 /D_WINDOWS /utf-8 /MP   /MDd /Z7 /Ob0 /Od /RTC1  -MDd /showIncludes /FoCMakeFiles\\cmTC_519ff.dir\\CMakeCCompilerABI.c.obj /FdCMakeFiles\\cmTC_519ff.dir\\ /FS -c "C:\\Program Files\\Microsoft Visual Studio\\2022\\Community\\Common7\\IDE\\CommonExtensions\\Microsoft\\CMake\\CMake\\share\\cmake-3.31\\Modules\\CMakeCCompilerABI.c"
        [2/2] C:\\WINDOWS\\system32\\cmd.exe /C "cd . && "C:\\Program Files\\Microsoft Visual Studio\\2022\\Community\\Common7\\IDE\\CommonExtensions\\Microsoft\\CMake\\CMake\\bin\\cmake.exe" -E vs_link_exe --msvc-ver=1944 --intdir=CMakeFiles\\cmTC_519ff.dir --rc=C:\\PROGRA~2\\WI3CF2~1\\10\\bin\\100261~1.0\\x64\\rc.exe --mt=C:\\PROGRA~2\\WI3CF2~1\\10\\bin\\100261~1.0\\x64\\mt.exe --manifests  -- C:\\PROGRA~1\\MIB055~1\\2022\\COMMUN~1\\VC\\Tools\\MSVC\\1444~1.352\\bin\\Hostx64\\x64\\link.exe /nologo CMakeFiles\\cmTC_519ff.dir\\CMakeCCompilerABI.c.obj  /out:cmTC_519ff.exe /implib:cmTC_519ff.lib /pdb:cmTC_519ff.pdb /version:0.0 /machine:x64  /nologo    /debug /INCREMENTAL /subsystem:console  kernel32.lib user32.lib gdi32.lib winspool.lib shell32.lib ole32.lib oleaut32.lib uuid.lib comdlg32.lib advapi32.lib && cd ."
        
      exitCode: 0
  -
    kind: "message-v1"
    backtrace:
      - "C:/Program Files/Microsoft Visual Studio/2022/Community/Common7/IDE/CommonExtensions/Microsoft/CMake/CMake/share/cmake-3.31/Modules/CMakeDetermineCompilerABI.cmake:218 (message)"
      - "C:/Program Files/Microsoft Visual Studio/2022/Community/Common7/IDE/CommonExtensions/Microsoft/CMake/CMake/share/cmake-3.31/Modules/CMakeTestCCompiler.cmake:26 (CMAKE_DETERMINE_COMPILER_ABI)"
      - "CMakeLists.txt:9 (project)"
    message: |
      Parsed C implicit link information:
        link line regex: [^( *|.*[/\\])(ld[0-9]*(\\.[a-z]+)?|link\\.exe|lld-link(\\.exe)?|CMAKE_LINK_STARTFILE-NOTFOUND|([^/\\]+-)?ld|collect2)[^/\\]*( |$)]
        linker tool regex: [^[ 	]*(->|")?[ 	]*(([^"]*[/\\])?(ld[0-9]*(\\.[a-z]+)?|link\\.exe|lld-link(\\.exe)?))("|,| |$)]
        linker tool for 'C': C:/PROGRA~1/MIB055~1/2022/COMMUN~1/VC/Tools/MSVC/1444~1.352/bin/Hostx64/x64/link.exe
        implicit libs: []
        implicit objs: []
        implicit dirs: []
        implicit fwks: []
      
      
  -
    kind: "message-v1"
    backtrace:
      - "C:/Program Files/Microsoft Visual Studio/2022/Community/Common7/IDE/CommonExtensions/Microsoft/CMake/CMake/share/cmake-3.31/Modules/Internal/CMakeDetermineLinkerId.cmake:40 (message)"
      - "C:/Program Files/Microsoft Visual Studio/2022/Community/Common7/IDE/CommonExtensions/Microsoft/CMake/CMake/share/cmake-3.31/Modules/CMakeDetermineCompilerABI.cmake:255 (cmake_determine_linker_id)"
      - "C:/Program Files/Microsoft Visual Studio/2022/Community/Common7/IDE/CommonExtensions/Microsoft/CMake/CMake/share/cmake-3.31/Modules/CMakeTestCCompiler.cmake:26 (CMAKE_DETERMINE_COMPILER_ABI)"
      - "CMakeLists.txt:9 (project)"
    message: |
      Running the C compiler's linker: "C:/PROGRA~1/MIB055~1/2022/COMMUN~1/VC/Tools/MSVC/1444~1.352/bin/Hostx64/x64/link.exe" "-v"
      Microsoft (R) Incremental Linker Version 14.44.35216.0
      Copyright (C) Microsoft Corporation.  All rights reserved.
  -
    kind: "try_compile-v1"
    backtrace:
      - "C:/Program Files/Microsoft Visual Studio/2022/Community/Common7/IDE/CommonExtensions/Microsoft/CMake/CMake/share/cmake-3.31/Modules/CheckSymbolExists.cmake:163 (try_compile)"
      - "C:/Program Files/Microsoft Visual Studio/2022/Community/Common7/IDE/CommonExtensions/Microsoft/CMake/CMake/share/cmake-3.31/Modules/CheckSymbolExists.cmake:68 (__CHECK_SYMBOL_EXISTS_IMPL)"
      - "CMakeLists.txt:84 (check_symbol_exists)"
    checks:
      - "Looking for __GLIBC__"
    directories:
      source: "C:/Users/jonas/Downloads/rompecabezas-kinect-c/vcpkg_installed/vcpkg/blds/sdl2/x64-windows-rel/CMakeFiles/CMakeScratch/TryCompile-vlxrqk"
      binary: "C:/Users/jonas/Downloads/rompecabezas-kinect-c/vcpkg_installed/vcpkg/blds/sdl2/x64-windows-rel/CMakeFiles/CMakeScratch/TryCompile-vlxrqk"
    cmakeVariables:
      CMAKE_C_FLAGS: " /nologo /DWIN32 /D_WINDOWS /utf-8 /MP "
      CMAKE_C_FLAGS_DEBUG: "/MDd /Z7 /Ob0 /Od /RTC1 "
      CMAKE_EXE_LINKER_FLAGS: "/machine:x64"
      CMAKE_MODULE_PATH: "C:/Users/jonas/Downloads/rompecabezas-kinect-c/vcpkg_installed/vcpkg/blds/sdl2/src/se-2.32.10-3b143ac573.clean/cmake"
      CMAKE_MSVC_DEBUG_INFORMATION_FORMAT: ""
      CMAKE_MSVC_RUNTIME_LIBRARY: "MultiThreaded$<$<CONFIG:Debug>:Debug>$<$<STREQUAL:dynamic,dynamic>:DLL>"
      VCPKG_CHAINLOAD_TOOLCHAIN_FILE: "C:/Program Files/Microsoft Visual Studio/2022/Community/VC/vcpkg/scripts/toolchains/windows.cmake"
      VCPKG_CRT_LINKAGE: "dynamic"
      VCPKG_CXX_FLAGS: ""
      VCPKG_CXX_FLAGS_DEBUG: ""
      VCPKG_CXX_FLAGS_RELEASE: ""
      VCPKG_C_FLAGS: ""
      VCPKG_C_FLAGS_DEBUG: ""
      VCPKG_C_FLAGS_RELEASE: ""
      VCPKG_INSTALLED_DIR: "C:/Users/jonas/Downloads/rompecabezas-kinect-c/vcpkg_installed"
      VCPKG_LINKER_FLAGS: ""
      VCPKG_LINKER_FLAGS_DEBUG: ""
      VCPKG_LINKER_FLAGS_RELEASE: ""
      VCPKG_PLATFORM_TOOLSET: "v143"
      VCPKG_PREFER_SYSTEM_LIBS: "OFF"
      VCPKG_SET_CHARSET_FLAG: "ON"
      VCPKG_TARGET_ARCHITECTURE: "x64"
      VCPKG_TARGET_TRIPLET: "x64-windows"
      Z_VCPKG_ROOT_DIR: "C:/Program Files/Microsoft Visual Studio/2022/Community/VC/vcpkg"
    buildResult:
      variable: "LIBC_IS_GLIBC"
      cached: true
      stdout: |
        Change Dir: 'C:/Users/jonas/Downloads/rompecabezas-kinect-c/vcpkg_installed/vcpkg/blds/sdl2/x64-windows-rel/CMakeFiles/CMakeScratch/TryCompile-vlxrqk'
        
        Run Build Command(s): "C:/Program Files/Microsoft Visual Studio/2022/Community/Common7/IDE/CommonExtensions/Microsoft/CMake/Ninja/ninja.exe" -v cmTC_a7a34
        [1/2] C:\\PROGRA~1\\MIB055~1\\2022\\COMMUN~1\\VC\\Tools\\MSVC\\1444~1.352\\bin\\Hostx64\\x64\\cl.exe  /nologo   /nologo /DWIN32 /D_WINDOWS /utf-8 /MP   /MDd /Z7 /Ob0 /Od /RTC1  -MDd /showIncludes /FoCMakeFiles\\cmTC_a7a34.dir\\CheckSymbolExists.c.obj /FdCMakeFiles\\cmTC_a7a34.dir\\ /FS -c C:\\Users\\jonas\\Downloads\\rompecabezas-kinect-c\\vcpkg_installed\\vcpkg\\blds\\sdl2\\x64-windows-rel\\CMakeFiles\\CMakeScratch\\TryCompile-vlxrqk\\CheckSymbolExists.c
        FAILED: CMakeFiles/cmTC_a7a34.dir/CheckSymbolExists.c.obj 
        C:\\PROGRA~1\\MIB055~1\\2022\\COMMUN~1\\VC\\Tools\\MSVC\\1444~1.352\\bin\\Hostx64\\x64\\cl.exe  /nologo   /nologo /DWIN32 /D_WINDOWS /utf-8 /MP   /MDd /Z7 /Ob0 /Od /RTC1  -MDd /showIncludes /FoCMakeFiles\\cmTC_a7a34.dir\\CheckSymbolExists.c.obj /FdCMakeFiles\\cmTC_a7a34.dir\\ /FS -c C:\\Users\\jonas\\Downloads\\rompecabezas-kinect-c\\vcpkg_installed\\vcpkg\\blds\\sdl2\\x64-windows-rel\\CMakeFiles\\CMakeScratch\\TryCompile-vlxrqk\\CheckSymbolExists.c
        C:\\Users\\jonas\\Downloads\\rompecabezas-kinect-c\\vcpkg_installed\\vcpkg\\blds\\sdl2\\x64-windows-rel\\CMakeFiles\\CMakeScratch\\TryCompile-vlxrqk\\CheckSymbolExists.c(8): error C2065: '__GLIBC__': identificador no declarado
        ninja: build stopped: subcommand failed.
        
      exitCode: 1
  -
    kind: "try_compile-v1"
    backtrace:
      - "C:/Program Files/Microsoft Visual Studio/2022/Community/Common7/IDE/CommonExtensions/Microsoft/CMake/CMake/share/cmake-3.31/Modules/Internal/CheckSourceCompiles.cmake:108 (try_compile)"
      - "C:/Program Files/Microsoft Visual Studio/2022/Community/Common7/IDE/CommonExtensions/Microsoft/CMake/CMake/share/cmake-3.31/Modules/CheckCSourceCompiles.cmake:58 (cmake_check_source_compiles)"
      - "cmake/CheckCPUArchitecture.cmake:17 (check_c_source_compiles)"
      - "cmake/CheckCPUArchitecture.cmake:28 (_internal_check_cpu_architecture)"
      - "CMakeLists.txt:141 (check_cpu_architecture)"
    checks:
      - "Performing Test CHECK_CPU_ARCHITECTURE_X86"
    directories:
      source: "C:/Users/jonas/Downloads/rompecabezas-kinect-c/vcpkg_installed/vcpkg/blds/sdl2/x64-windows-rel/CMakeFiles/CMakeScratch/TryCompile-l93agc"
      binary: "C:/Users/jonas/Downloads/rompecabezas-kinect-c/vcpkg_installed/vcpkg/blds/sdl2/x64-windows-rel/CMakeFiles/CMakeScratch/TryCompile-l93agc"
    cmakeVariables:
      CMAKE_C_FLAGS: " /nologo /DWIN32 /D_WINDOWS /utf-8 /MP "
      CMAKE_C_FLAGS_DEBUG: "/MDd /Z7 /Ob0 /Od /RTC1 "
      CMAKE_EXE_LINKER_FLAGS: "/machine:x64"
      CMAKE_MODULE_PATH: "C:/Users/jonas/Downloads/rompecabezas-kinect-c/vcpkg_installed/vcpkg/blds/sdl2/src/se-2.32.10-3b143ac573.clean/cmake"
      CMAKE_MSVC_DEBUG_INFORMATION_FORMAT: ""
      CMAKE_MSVC_RUNTIME_LIBRARY: "MultiThreaded$<$<CONFIG:Debug>:Debug>$<$<STREQUAL:dynamic,dynamic>:DLL>"
      VCPKG_CHAINLOAD_TOOLCHAIN_FILE: "C:/Program Files/Microsoft Visual Studio/2022/Community/VC/vcpkg/scripts/toolchains/windows.cmake"
      VCPKG_CRT_LINKAGE: "dynamic"
      VCPKG_CXX_FLAGS: ""
      VCPKG_CXX_FLAGS_DEBUG: ""
      VCPKG_CXX_FLAGS_RELEASE: ""
      VCPKG_C_FLAGS: ""
      VCPKG_C_FLAGS_DEBUG: ""
      VCPKG_C_FLAGS_RELEASE: ""
      VCPKG_INSTALLED_DIR: "C:/Users/jonas/Downloads/rompecabezas-kinect-c/vcpkg_installed"
      VCPKG_LINKER_FLAGS: ""
      VCPKG_LINKER_FLAGS_DEBUG: ""
      VCPKG_LINKER_FLAGS_RELEASE: ""
      VCPKG_PLATFORM_TOOLSET: "v143"
      VCPKG_PREFER_SYSTEM_LIBS: "OFF"
      VCPKG_SET_CHARSET_FLAG: "ON"
      VCPKG_TARGET_ARCHITECTURE: "x64"
      VCPKG_TARGET_TRIPLET: "x64-windows"
      Z_VCPKG_ROOT_DIR: "C:/Program Files/Microsoft Visual Studio/2022/Community/VC/vcpkg"
    buildResult:
      variable: "CHECK_CPU_ARCHITECTURE_X86"
      cached: true
      stdout: |
        Change Dir: 'C:/Users/jonas/Downloads/rompecabezas-kinect-c/vcpkg_installed/vcpkg/blds/sdl2/x64-windows-rel/CMakeFiles/CMakeScratch/TryCompile-l93agc'
        
        Run Build Command(s): "C:/Program Files/Microsoft Visual Studio/2022/Community/Common7/IDE/CommonExtensions/Microsoft/CMake/Ninja/ninja.exe" -v cmTC_513c4
        [1/2] C:\\PROGRA~1\\MIB055~1\\2022\\COMMUN~1\\VC\\Tools\\MSVC\\1444~1.352\\bin\\Hostx64\\x64\\cl.exe  /nologo -DCHECK_CPU_ARCHITECTURE_X86  /nologo /DWIN32 /D_WINDOWS /utf-8 /MP   /MDd /Z7 /Ob0 /Od /RTC1  -MDd /showIncludes /FoCMakeFiles\\cmTC_513c4.dir\\src.c.obj /FdCMakeFiles\\cmTC_513c4.dir\\ /FS -c C:\\Users\\jonas\\Downloads\\rompecabezas-kinect-c\\vcpkg_installed\\vcpkg\\blds\\sdl2\\x64-windows-rel\\CMakeFiles\\CMakeScratch\\TryCompile-l93agc\\src.c
        FAILED: CMakeFiles/cmTC_513c4.dir/src.c.obj 
        C:\\PROGRA~1\\MIB055~1\\2022\\COMMUN~1\\VC\\Tools\\MSVC\\1444~1.352\\bin\\Hostx64\\x64\\cl.exe  /nologo -DCHECK_CPU_ARCHITECTURE_X86  /nologo /DWIN32 /D_WINDOWS /utf-8 /MP   /MDd /Z7 /Ob0 /Od /RTC1  -MDd /showIncludes /FoCMakeFiles\\cmTC_513c4.dir\\src.c.obj /FdCMakeFiles\\cmTC_513c4.dir\\ /FS -c C:\\Users\\jonas\\Downloads\\rompecabezas-kinect-c\\vcpkg_installed\\vcpkg\\blds\\sdl2\\x64-windows-rel\\CMakeFiles\\CMakeScratch\\TryCompile-l93agc\\src.c
        C:\\Users\\jonas\\Downloads\\rompecabezas-kinect-c\\vcpkg_installed\\vcpkg\\blds\\sdl2\\x64-windows-rel\\CMakeFiles\\CMakeScratch\\TryCompile-l93agc\\src.c(6): error C2065: 'choke': identificador no declarado
        C:\\Users\\jonas\\Downloads\\rompecabezas-kinect-c\\vcpkg_installed\\vcpkg\\blds\\sdl2\\x64-windows-rel\\CMakeFiles\\CMakeScratch\\TryCompile-l93agc\\src.c(8): error C2143: error de sintaxis: falta ';' delante de '}'
        ninja: build stopped: subcommand failed.
        
      exitCode: 1
  -
    kind: "try_compile-v1"
    backtrace:
      - "C:/Program Files/Microsoft Visual Studio/2022/Community/Common7/IDE/CommonExtensions/Microsoft/CMake/CMake/share/cmake-3.31/Modules/Internal/CheckSourceCompiles.cmake:108 (try_compile)"
      - "C:/Program Files/Microsoft Visual Studio/2022/Community/Common7/IDE/CommonExtensions/Microsoft/CMake/CMake/share/cmake-3.31/Modules/CheckCSourceCompiles.cmake:58 (cmake_check_source_compiles)"
      - "cmake/CheckCPUArchitecture.cmake:17 (check_c_source_compiles)"
      - "cmake/CheckCPUArchitecture.cmake:30 (_internal_check_cpu_architecture)"
      - "CMakeLists.txt:142 (check_cpu_architecture)"
    checks:
      - "Performing Test CHECK_CPU_ARCHITECTURE_X64"
    directories:
      source: "C:/Users/jonas/Downloads/rompecabezas-kinect-c/vcpkg_installed/vcpkg/blds/sdl2/x64-windows-rel/CMakeFiles/CMakeScratch/TryCompile-cp82d0"
      binary: "C:/Users/jonas/Downloads/rompecabezas-kinect-c/vcpkg_installed/vcpkg/blds/sdl2/x64-windows-rel/CMakeFiles/CMakeScratch/TryCompile-cp82d0"
    cmakeVariables:
      CMAKE_C_FLAGS: " /nologo /DWIN32 /D_WINDOWS /utf-8 /MP "
      CMAKE_C_FLAGS_DEBUG: "/MDd /Z7 /Ob0 /Od /RTC1 "
      CMAKE_EXE_LINKER_FLAGS: "/machine:x64"
      CMAKE_MODULE_PATH: "C:/Users/jonas/Downloads/rompecabezas-kinect-c/vcpkg_installed/vcpkg/blds/sdl2/src/se-2.32.10-3b143ac573.clean/cmake"
      CMAKE_MSVC_DEBUG_INFORMATION_FORMAT: ""
      CMAKE_MSVC_RUNTIME_LIBRARY: "MultiThreaded$<$<CONFIG:Debug>:Debug>$<$<STREQUAL:dynamic,dynamic>:DLL>"
      VCPKG_CHAINLOAD_TOOLCHAIN_FILE: "C:/Program Files/Microsoft Visual Studio/2022/Community/VC/vcpkg/scripts/toolchains/windows.cmake"
      VCPKG_CRT_LINKAGE: "dynamic"
      VCPKG_CXX_FLAGS: ""
      VCPKG_CXX_FLAGS_DEBUG: ""
      VCPKG_CXX_FLAGS_RELEASE: ""
      VCPKG_C_FLAGS: ""
      VCPKG_C_FLAGS_DEBUG: ""
      VCPKG_C_FLAGS_RELEASE: ""
      VCPKG_INSTALLED_DIR: "C:/Users/jonas/Downloads/rompecabezas-kinect-c/vcpkg_installed"
      VCPKG_LINKER_FLAGS: ""
      VCPKG_LINKER_FLAGS_DEBUG: ""
      VCPKG_LINKER_FLAGS_RELEASE: ""
      VCPKG_PLATFORM_TOOLSET: "v143"
      VCPKG_PREFER_SYSTEM_LIBS: "OFF"
      VCPKG_SET_CHARSET_FLAG: "ON"
      VCPKG_TARGET_ARCHITECTURE: "x64"
      VCPKG_TARGET_TRIPLET: "x64-windows"
      Z_VCPKG_ROOT_DIR: "C:/Program Files/Microsoft Visual Studio/2022/Community/VC/vcpkg"
    buildResult:
      variable: "CHECK_CPU_ARCHITECTURE_X64"
      cached: true
      stdout: |
        Change Dir: 'C:/Users/jonas/Downloads/rompecabezas-kinect-c/vcpkg_installed/vcpkg/blds/sdl2/x64-windows-rel/CMakeFiles/CMakeScratch/TryCompile-cp82d0'
        
        Run Build Command(s): "C:/Program Files/Microsoft Visual Studio/2022/Community/Common7/IDE/CommonExtensions/Microsoft/CMake/Ninja/ninja.exe" -v cmTC_11e6c
        [1/2] C:\\PROGRA~1\\MIB055~1\\2022\\COMMUN~1\\VC\\Tools\\MSVC\\1444~1.352\\bin\\Hostx64\\x64\\cl.exe  /nologo -DCHECK_CPU_ARCHITECTURE_X64  /nologo /DWIN32 /D_WINDOWS /utf-8 /MP   /MDd /Z7 /Ob0 /Od /RTC1  -MDd /showIncludes /FoCMakeFiles\\cmTC_11e6c.dir\\src.c.obj /FdCMakeFiles\\cmTC_11e6c.dir\\ /FS -c C:\\Users\\jonas\\Downloads\\rompecabezas-kinect-c\\vcpkg_installed\\vcpkg\\blds\\sdl2\\x64-windows-rel\\CMakeFiles\\CMakeScratch\\TryCompile-cp82d0\\src.c
        [2/2] C:\\WINDOWS\\system32\\cmd.exe /C "cd . && "C:\\Program Files\\Microsoft Visual Studio\\2022\\Community\\Common7\\IDE\\CommonExtensions\\Microsoft\\CMake\\CMake\\bin\\cmake.exe" -E vs_link_exe --msvc-ver=1944 --intdir=CMakeFiles\\cmTC_11e6c.dir --rc=C:\\PROGRA~2\\WI3CF2~1\\10\\bin\\100261~1.0\\x64\\rc.exe --mt=C:\\PROGRA~2\\WI3CF2~1\\10\\bin\\100261~1.0\\x64\\mt.exe --manifests  -- C:\\PROGRA~1\\MIB055~1\\2022\\COMMUN~1\\VC\\Tools\\MSVC\\1444~1.352\\bin\\Hostx64\\x64\\link.exe /nologo CMakeFiles\\cmTC_11e6c.dir\\src.c.obj  /out:cmTC_11e6c.exe /implib:cmTC_11e6c.lib /pdb:cmTC_11e6c.pdb /version:0.0 /machine:x64  /nologo    /debug /INCREMENTAL /subsystem:console  kernel32.lib user32.lib gdi32.lib winspool.lib shell32.lib ole32.lib oleaut32.lib uuid.lib comdlg32.lib advapi32.lib && cd ."
        
      exitCode: 0
  -
    kind: "try_compile-v1"
    backtrace:
      - "C:/Program Files/Microsoft Visual Studio/2022/Community/Common7/IDE/CommonExtensions/Microsoft/CMake/CMake/share/cmake-3.31/Modules/Internal/CheckSourceCompiles.cmake:108 (try_compile)"
      - "C:/Program Files/Microsoft Visual Studio/2022/Community/Common7/IDE/CommonExtensions/Microsoft/CMake/CMake/share/cmake-3.31/Modules/CheckCSourceCompiles.cmake:58 (cmake_check_source_compiles)"
      - "cmake/CheckCPUArchitecture.cmake:17 (check_c_source_compiles)"
      - "cmake/CheckCPUArchitecture.cmake:32 (_internal_check_cpu_architecture)"
      - "CMakeLists.txt:143 (check_cpu_architecture)"
    checks:
      - "Performing Test CHECK_CPU_ARCHITECTURE_ARM32"
    directories:
      source: "C:/Users/jonas/Downloads/rompecabezas-kinect-c/vcpkg_installed/vcpkg/blds/sdl2/x64-windows-rel/CMakeFiles/CMakeScratch/TryCompile-9m7h6w"
      binary: "C:/Users/jonas/Downloads/rompecabezas-kinect-c/vcpkg_installed/vcpkg/blds/sdl2/x64-windows-rel/CMakeFiles/CMakeScratch/TryCompile-9m7h6w"
    cmakeVariables:
      CMAKE_C_FLAGS: " /nologo /DWIN32 /D_WINDOWS /utf-8 /MP "
      CMAKE_C_FLAGS_DEBUG: "/MDd /Z7 /Ob0 /Od /RTC1 "
      CMAKE_EXE_LINKER_FLAGS: "/machine:x64"
      CMAKE_MODULE_PATH: "C:/Users/jonas/Downloads/rompecabezas-kinect-c/vcpkg_installed/vcpkg/blds/sdl2/src/se-2.32.10-3b143ac573.clean/cmake"
      CMAKE_MSVC_DEBUG_INFORMATION_FORMAT: ""
      CMAKE_MSVC_RUNTIME_LIBRARY: "MultiThreaded$<$<CONFIG:Debug>:Debug>$<$<STREQUAL:dynamic,dynamic>:DLL>"
      VCPKG_CHAINLOAD_TOOLCHAIN_FILE: "C:/Program Files/Microsoft Visual Studio/2022/Community/VC/vcpkg/scripts/toolchains/windows.cmake"
      VCPKG_CRT_LINKAGE: "dynamic"
      VCPKG_CXX_FLAGS: ""
      VCPKG_CXX_FLAGS_DEBUG: ""
      VCPKG_CXX_FLAGS_RELEASE: ""
      VCPKG_C_FLAGS: ""
      VCPKG_C_FLAGS_DEBUG: ""
      VCPKG_C_FLAGS_RELEASE: ""
      VCPKG_INSTALLED_DIR: "C:/Users/jonas/Downloads/rompecabezas-kinect-c/vcpkg_installed"
      VCPKG_LINKER_FLAGS: ""
      VCPKG_LINKER_FLAGS_DEBUG: ""
      VCPKG_LINKER_FLAGS_RELEASE: ""
      VCPKG_PLATFORM_TOOLSET: "v143"
      VCPKG_PREFER_SYSTEM_LIBS: "OFF"
      VCPKG_SET_CHARSET_FLAG: "ON"
      VCPKG_TARGET_ARCHITECTURE: "x64"
      VCPKG_TARGET_TRIPLET: "x64-windows"
      Z_VCPKG_ROOT_DIR: "C:/Program Files/Microsoft Visual Studio/2022/Community/VC/vcpkg"
    buildResult:
      variable: "CHECK_CPU_ARCHITECTURE_ARM32"
      cached: true
      stdout: |
        Change Dir: 'C:/Users/jonas/Downloads/rompecabezas-kinect-c/vcpkg_installed/vcpkg/blds/sdl2/x64-windows-rel/CMakeFiles/CMakeScratch/TryCompile-9m7h6w'
        
        Run Build Command(s): "C:/Program Files/Microsoft Visual Studio/2022/Community/Common7/IDE/CommonExtensions/Microsoft/CMake/Ninja/ninja.exe" -v cmTC_07120
        [1/2] C:\\PROGRA~1\\MIB055~1\\2022\\COMMUN~1\\VC\\Tools\\MSVC\\1444~1.352\\bin\\Hostx64\\x64\\cl.exe  /nologo -DCHECK_CPU_ARCHITECTURE_ARM32  /nologo /DWIN32 /D_WINDOWS /utf-8 /MP   /MDd /Z7 /Ob0 /Od /RTC1  -MDd /showIncludes /FoCMakeFiles\\cmTC_07120.dir\\src.c.obj /FdCMakeFiles\\cmTC_07120.dir\\ /FS -c C:\\Users\\jonas\\Downloads\\rompecabezas-kinect-c\\vcpkg_installed\\vcpkg\\blds\\sdl2\\x64-windows-rel\\CMakeFiles\\CMakeScratch\\TryCompile-9m7h6w\\src.c
        FAILED: CMakeFiles/cmTC_07120.dir/src.c.obj 
        C:\\PROGRA~1\\MIB055~1\\2022\\COMMUN~1\\VC\\Tools\\MSVC\\1444~1.352\\bin\\Hostx64\\x64\\cl.exe  /nologo -DCHECK_CPU_ARCHITECTURE_ARM32  /nologo /DWIN32 /D_WINDOWS /utf-8 /MP   /MDd /Z7 /Ob0 /Od /RTC1  -MDd /showIncludes /FoCMakeFiles\\cmTC_07120.dir\\src.c.obj /FdCMakeFiles\\cmTC_07120.dir\\ /FS -c C:\\Users\\jonas\\Downloads\\rompecabezas-kinect-c\\vcpkg_installed\\vcpkg\\blds\\sdl2\\x64-windows-rel\\CMakeFiles\\CMakeScratch\\TryCompile-9m7h6w\\src.c
        C:\\Users\\jonas\\Downloads\\rompecabezas-kinect-c\\vcpkg_installed\\vcpkg\\blds\\sdl2\\x64-windows-rel\\CMakeFiles\\CMakeScratch\\TryCompile-9m7h6w\\src.c(6): error C2065: 'choke': identificador no declarado
        C:\\Users\\jonas\\Downloads\\rompecabezas-kinect-c\\vcpkg_installed\\vcpkg\\blds\\sdl2\\x64-windows-rel\\CMakeFiles\\CMakeScratch\\TryCompile-9m7h6w\\src.c(8): error C2143: error de sintaxis: falta ';' delante de '}'
        ninja: build stopped: subcommand failed.
        
      exitCode: 1
  -
    kind: "try_compile-v1"
    backtrace:
      - "C:/Program Files/Microsoft Visual Studio/2022/Community/Common7/IDE/CommonExtensions/Microsoft/CMake/CMake/share/cmake-3.31/Modules/Internal/CheckSourceCompiles.cmake:108 (try_compile)"
      - "C:/Program Files/Microsoft Visual Studio/2022/Community/Common7/IDE/CommonExtensions/Microsoft/CMake/CMake/share/cmake-3.31/Modules/CheckCSourceCompiles.cmake:58 (cmake_check_source_compiles)"
      - "cmake/CheckCPUArchitecture.cmake:17 (check_c_source_compiles)"
      - "cmake/CheckCPUArchitecture.cmake:34 (_internal_check_cpu_architecture)"
      - "CMakeLists.txt:144 (check_cpu_architecture)"
    checks:
      - "Performing Test CHECK_CPU_ARCHITECTURE_ARM64"
    directories:
      source: "C:/Users/jonas/Downloads/rompecabezas-kinect-c/vcpkg_installed/vcpkg/blds/sdl2/x64-windows-rel/CMakeFiles/CMakeScratch/TryCompile-teg2b6"
      binary: "C:/Users/jonas/Downloads/rompecabezas-kinect-c/vcpkg_installed/vcpkg/blds/sdl2/x64-windows-rel/CMakeFiles/CMakeScratch/TryCompile-teg2b6"
    cmakeVariables:
      CMAKE_C_FLAGS: " /nologo /DWIN32 /D_WINDOWS /utf-8 /MP "
      CMAKE_C_FLAGS_DEBUG: "/MDd /Z7 /Ob0 /Od /RTC1 "
      CMAKE_EXE_LINKER_FLAGS: "/machine:x64"
      CMAKE_MODULE_PATH: "C:/Users/jonas/Downloads/rompecabezas-kinect-c/vcpkg_installed/vcpkg/blds/sdl2/src/se-2.32.10-3b143ac573.clean/cmake"
      CMAKE_MSVC_DEBUG_INFORMATION_FORMAT: ""
      CMAKE_MSVC_RUNTIME_LIBRARY: "MultiThreaded$<$<CONFIG:Debug>:Debug>$<$<STREQUAL:dynamic,dynamic>:DLL>"
      VCPKG_CHAINLOAD_TOOLCHAIN_FILE: "C:/Program Files/Microsoft Visual Studio/2022/Community/VC/vcpkg/scripts/toolchains/windows.cmake"
      VCPKG_CRT_LINKAGE: "dynamic"
      VCPKG_CXX_FLAGS: ""
      VCPKG_CXX_FLAGS_DEBUG: ""
      VCPKG_CXX_FLAGS_RELEASE: ""
      VCPKG_C_FLAGS: ""
      VCPKG_C_FLAGS_DEBUG: ""
      VCPKG_C_FLAGS_RELEASE: ""
      VCPKG_INSTALLED_DIR: "C:/Users/jonas/Downloads/rompecabezas-kinect-c/vcpkg_installed"
      VCPKG_LINKER_FLAGS: ""
      VCPKG_LINKER_FLAGS_DEBUG: ""
      VCPKG_LINKER_FLAGS_RELEASE: ""
      VCPKG_PLATFORM_TOOLSET: "v143"
      VCPKG_PREFER_SYSTEM_LIBS: "OFF"
      VCPKG_SET_CHARSET_FLAG: "ON"
      VCPKG_TARGET_ARCHITECTURE: "x64"
      VCPKG_TARGET_TRIPLET: "x64-windows"
      Z_VCPKG_ROOT_DIR: "C:/Program Files/Microsoft Visual Studio/2022/Community/VC/vcpkg"
    buildResult:
      variable: "CHECK_CPU_ARCHITECTURE_ARM64"
      cached: true
      stdout: |
        Change Dir: 'C:/Users/jonas/Downloads/rompecabezas-kinect-c/vcpkg_installed/vcpkg/blds/sdl2/x64-windows-rel/CMakeFiles/CMakeScratch/TryCompile-teg2b6'
        
        Run Build Command(s): "C:/Program Files/Microsoft Visual Studio/2022/Community/Common7/IDE/CommonExtensions/Microsoft/CMake/Ninja/ninja.exe" -v cmTC_f98f6
        [1/2] C:\\PROGRA~1\\MIB055~1\\2022\\COMMUN~1\\VC\\Tools\\MSVC\\1444~1.352\\bin\\Hostx64\\x64\\cl.exe  /nologo -DCHECK_CPU_ARCHITECTURE_ARM64  /nologo /DWIN32 /D_WINDOWS /utf-8 /MP   /MDd /Z7 /Ob0 /Od /RTC1  -MDd /showIncludes /FoCMakeFiles\\cmTC_f98f6.dir\\src.c.obj /FdCMakeFiles\\cmTC_f98f6.dir\\ /FS -c C:\\Users\\jonas\\Downloads\\rompecabezas-kinect-c\\vcpkg_installed\\vcpkg\\blds\\sdl2\\x64-windows-rel\\CMakeFiles\\CMakeScratch\\TryCompile-teg2b6\\src.c
        FAILED: CMakeFiles/cmTC_f98f6.dir/src.c.obj 
        C:\\PROGRA~1\\MIB055~1\\2022\\COMMUN~1\\VC\\Tools\\MSVC\\1444~1.352\\bin\\Hostx64\\x64\\cl.exe  /nologo -DCHECK_CPU_ARCHITECTURE_ARM64  /nologo /DWIN32 /D_WINDOWS /utf-8 /MP   /MDd /Z7 /Ob0 /Od /RTC1  -MDd /showIncludes /FoCMakeFiles\\cmTC_f98f6.dir\\src.c.obj /FdCMakeFiles\\cmTC_f98f6.dir\\ /FS -c C:\\Users\\jonas\\Downloads\\rompecabezas-kinect-c\\vcpkg_installed\\vcpkg\\blds\\sdl2\\x64-windows-rel\\CMakeFiles\\CMakeScratch\\TryCompile-teg2b6\\src.c
        C:\\Users\\jonas\\Downloads\\rompecabezas-kinect-c\\vcpkg_installed\\vcpkg\\blds\\sdl2\\x64-windows-rel\\CMakeFiles\\CMakeScratch\\TryCompile-teg2b6\\src.c(6): error C2065: 'choke': identificador no declarado
        C:\\Users\\jonas\\Downloads\\rompecabezas-kinect-c\\vcpkg_installed\\vcpkg\\blds\\sdl2\\x64-windows-rel\\CMakeFiles\\CMakeScratch\\TryCompile-teg2b6\\src.c(8): error C2143: error de sintaxis: falta ';' delante de '}'
        ninja: build stopped: subcommand failed.
        
      exitCode: 1
  -
    kind: "try_compile-v1"
    backtrace:
      - "C:/Program Files/Microsoft Visual Studio/2022/Community/Common7/IDE/CommonExtensions/Microsoft/CMake/CMake/share/cmake-3.31/Modules/Internal/CheckSourceCompiles.cmake:108 (try_compile)"
      - "C:/Program Files/Microsoft Visual Studio/2022/Community/Common7/IDE/CommonExtensions/Microsoft/CMake/CMake/share/cmake-3.31/Modules/CheckCSourceCompiles.cmake:58 (cmake_check_source_compiles)"
      - "cmake/CheckCPUArchitecture.cmake:17 (check_c_source_compiles)"
      - "cmake/CheckCPUArchitecture.cmake:36 (_internal_check_cpu_architecture)"
      - "CMakeLists.txt:145 (check_cpu_architecture)"
    checks:
      - "Performing Test CHECK_CPU_ARCHITECTURE_ARM64EC"
    directories:
      source: "C:/Users/jonas/Downloads/rompecabezas-kinect-c/vcpkg_installed/vcpkg/blds/sdl2/x64-windows-rel/CMakeFiles/CMakeScratch/TryCompile-eystix"
      binary: "C:/Users/jonas/Downloads/rompecabezas-kinect-c/vcpkg_installed/vcpkg/blds/sdl2/x64-windows-rel/CMakeFiles/CMakeScratch/TryCompile-eystix"
    cmakeVariables:
      CMAKE_C_FLAGS: " /nologo /DWIN32 /D_WINDOWS /utf-8 /MP "
      CMAKE_C_FLAGS_DEBUG: "/MDd /Z7 /Ob0 /Od /RTC1 "
      CMAKE_EXE_LINKER_FLAGS: "/machine:x64"
      CMAKE_MODULE_PATH: "C:/Users/jonas/Downloads/rompecabezas-kinect-c/vcpkg_installed/vcpkg/blds/sdl2/src/se-2.32.10-3b143ac573.clean/cmake"
      CMAKE_MSVC_DEBUG_INFORMATION_FORMAT: ""
      CMAKE_MSVC_RUNTIME_LIBRARY: "MultiThreaded$<$<CONFIG:Debug>:Debug>$<$<STREQUAL:dynamic,dynamic>:DLL>"
      VCPKG_CHAINLOAD_TOOLCHAIN_FILE: "C:/Program Files/Microsoft Visual Studio/2022/Community/VC/vcpkg/scripts/toolchains/windows.cmake"
      VCPKG_CRT_LINKAGE: "dynamic"
      VCPKG_CXX_FLAGS: ""
      VCPKG_CXX_FLAGS_DEBUG: ""
      VCPKG_CXX_FLAGS_RELEASE: ""
      VCPKG_C_FLAGS: ""
      VCPKG_C_FLAGS_DEBUG: ""
      VCPKG_C_FLAGS_RELEASE: ""
      VCPKG_INSTALLED_DIR: "C:/Users/jonas/Downloads/rompecabezas-kinect-c/vcpkg_installed"
      VCPKG_LINKER_FLAGS: ""
      VCPKG_LINKER_FLAGS_DEBUG: ""
      VCPKG_LINKER_FLAGS_RELEASE: ""
      VCPKG_PLATFORM_TOOLSET: "v143"
      VCPKG_PREFER_SYSTEM_LIBS: "OFF"
      VCPKG_SET_CHARSET_FLAG: "ON"
      VCPKG_TARGET_ARCHITECTURE: "x64"
      VCPKG_TARGET_TRIPLET: "x64-windows"
      Z_VCPKG_ROOT_DIR: "C:/Program Files/Microsoft Visual Studio/2022/Community/VC/vcpkg"
    buildResult:
      variable: "CHECK_CPU_ARCHITECTURE_ARM64EC"
      cached: true
      stdout: |
        Change Dir: 'C:/Users/jonas/Downloads/rompecabezas-kinect-c/vcpkg_installed/vcpkg/blds/sdl2/x64-windows-rel/CMakeFiles/CMakeScratch/TryCompile-eystix'
        
        Run Build Command(s): "C:/Program Files/Microsoft Visual Studio/2022/Community/Common7/IDE/CommonExtensions/Microsoft/CMake/Ninja/ninja.exe" -v cmTC_c81a0
        [1/2] C:\\PROGRA~1\\MIB055~1\\2022\\COMMUN~1\\VC\\Tools\\MSVC\\1444~1.352\\bin\\Hostx64\\x64\\cl.exe  /nologo -DCHECK_CPU_ARCHITECTURE_ARM64EC  /nologo /DWIN32 /D_WINDOWS /utf-8 /MP   /MDd /Z7 /Ob0 /Od /RTC1  -MDd /showIncludes /FoCMakeFiles\\cmTC_c81a0.dir\\src.c.obj /FdCMakeFiles\\cmTC_c81a0.dir\\ /FS -c C:\\Users\\jonas\\Downloads\\rompecabezas-kinect-c\\vcpkg_installed\\vcpkg\\blds\\sdl2\\x64-windows-rel\\CMakeFiles\\CMakeScratch\\TryCompile-eystix\\src.c
        FAILED: CMakeFiles/cmTC_c81a0.dir/src.c.obj 
        C:\\PROGRA~1\\MIB055~1\\2022\\COMMUN~1\\VC\\Tools\\MSVC\\1444~1.352\\bin\\Hostx64\\x64\\cl.exe  /nologo -DCHECK_CPU_ARCHITECTURE_ARM64EC  /nologo /DWIN32 /D_WINDOWS /utf-8 /MP   /MDd /Z7 /Ob0 /Od /RTC1  -MDd /showIncludes /FoCMakeFiles\\cmTC_c81a0.dir\\src.c.obj /FdCMakeFiles\\cmTC_c81a0.dir\\ /FS -c C:\\Users\\jonas\\Downloads\\rompecabezas-kinect-c\\vcpkg_installed\\vcpkg\\blds\\sdl2\\x64-windows-rel\\CMakeFiles\\CMakeScratch\\TryCompile-eystix\\src.c
        C:\\Users\\jonas\\Downloads\\rompecabezas-kinect-c\\vcpkg_installed\\vcpkg\\blds\\sdl2\\x64-windows-rel\\CMakeFiles\\CMakeScratch\\TryCompile-eystix\\src.c(6): error C2065: 'choke': identificador no declarado
        C:\\Users\\jonas\\Downloads\\rompecabezas-kinect-c\\vcpkg_installed\\vcpkg\\blds\\sdl2\\x64-windows-rel\\CMakeFiles\\CMakeScratch\\TryCompile-eystix\\src.c(8): error C2143: error de sintaxis: falta ';' delante de '}'
        ninja: build stopped: subcommand failed.
        
      exitCode: 1
  -
    kind: "try_compile-v1"
    backtrace:
      - "C:/Program Files/Microsoft Visual Studio/2022/Community/Common7/IDE/CommonExtensions/Microsoft/CMake/CMake/share/cmake-3.31/Modules/Internal/CheckSourceCompiles.cmake:108 (try_compile)"
      - "C:/Program Files/Microsoft Visual Studio/2022/Community/Common7/IDE/CommonExtensions/Microsoft/CMake/CMake/share/cmake-3.31/Modules/CheckCSourceCompiles.cmake:58 (cmake_check_source_compiles)"
      - "cmake/CheckCPUArchitecture.cmake:17 (check_c_source_compiles)"
      - "cmake/CheckCPUArchitecture.cmake:38 (_internal_check_cpu_architecture)"
      - "CMakeLists.txt:146 (check_cpu_architecture)"
    checks:
      - "Performing Test CHECK_CPU_ARCHITECTURE_LOONGARCH64"
    directories:
      source: "C:/Users/jonas/Downloads/rompecabezas-kinect-c/vcpkg_installed/vcpkg/blds/sdl2/x64-windows-rel/CMakeFiles/CMakeScratch/TryCompile-tjzer3"
      binary: "C:/Users/jonas/Downloads/rompecabezas-kinect-c/vcpkg_installed/vcpkg/blds/sdl2/x64-windows-rel/CMakeFiles/CMakeScratch/TryCompile-tjzer3"
    cmakeVariables:
      CMAKE_C_FLAGS: " /nologo /DWIN32 /D_WINDOWS /utf-8 /MP "
      CMAKE_C_FLAGS_DEBUG: "/MDd /Z7 /Ob0 /Od /RTC1 "
      CMAKE_EXE_LINKER_FLAGS: "/machine:x64"
      CMAKE_MODULE_PATH: "C:/Users/jonas/Downloads/rompecabezas-kinect-c/vcpkg_installed/vcpkg/blds/sdl2/src/se-2.32.10-3b143ac573.clean/cmake"
      CMAKE_MSVC_DEBUG_INFORMATION_FORMAT: ""
      CMAKE_MSVC_RUNTIME_LIBRARY: "MultiThreaded$<$<CONFIG:Debug>:Debug>$<$<STREQUAL:dynamic,dynamic>:DLL>"
      VCPKG_CHAINLOAD_TOOLCHAIN_FILE: "C:/Program Files/Microsoft Visual Studio/2022/Community/VC/vcpkg/scripts/toolchains/windows.cmake"
      VCPKG_CRT_LINKAGE: "dynamic"
      VCPKG_CXX_FLAGS: ""
      VCPKG_CXX_FLAGS_DEBUG: ""
      VCPKG_CXX_FLAGS_RELEASE: ""
      VCPKG_C_FLAGS: ""
      VCPKG_C_FLAGS_DEBUG: ""
      VCPKG_C_FLAGS_RELEASE: ""
      VCPKG_INSTALLED_DIR: "C:/Users/jonas/Downloads/rompecabezas-kinect-c/vcpkg_installed"
      VCPKG_LINKER_FLAGS: ""
      VCPKG_LINKER_FLAGS_DEBUG: ""
      VCPKG_LINKER_FLAGS_RELEASE: ""
      VCPKG_PLATFORM_TOOLSET: "v143"
      VCPKG_PREFER_SYSTEM_LIBS: "OFF"
      VCPKG_SET_CHARSET_FLAG: "ON"
      VCPKG_TARGET_ARCHITECTURE: "x64"
      VCPKG_TARGET_TRIPLET: "x64-windows"
      Z_VCPKG_ROOT_DIR: "C:/Program Files/Microsoft Visual Studio/2022/Community/VC/vcpkg"
    buildResult:
      variable: "CHECK_CPU_ARCHITECTURE_LOONGARCH64"
      cached: true
      stdout: |
        Change Dir: 'C:/Users/jonas/Downloads/rompecabezas-kinect-c/vcpkg_installed/vcpkg/blds/sdl2/x64-windows-rel/CMakeFiles/CMakeScratch/TryCompile-tjzer3'
        
        Run Build Command(s): "C:/Program Files/Microsoft Visual Studio/2022/Community/Common7/IDE/CommonExtensions/Microsoft/CMake/Ninja/ninja.exe" -v cmTC_ddec2
        [1/2] C:\\PROGRA~1\\MIB055~1\\2022\\COMMUN~1\\VC\\Tools\\MSVC\\1444~1.352\\bin\\Hostx64\\x64\\cl.exe  /nologo -DCHECK_CPU_ARCHITECTURE_LOONGARCH64  /nologo /DWIN32 /D_WINDOWS /utf-8 /MP   /MDd /Z7 /Ob0 /Od /RTC1  -MDd /showIncludes /FoCMakeFiles\\cmTC_ddec2.dir\\src.c.obj /FdCMakeFiles\\cmTC_ddec2.dir\\ /FS -c C:\\Users\\jonas\\Downloads\\rompecabezas-kinect-c\\vcpkg_installed\\vcpkg\\blds\\sdl2\\x64-windows-rel\\CMakeFiles\\CMakeScratch\\TryCompile-tjzer3\\src.c
        FAILED: CMakeFiles/cmTC_ddec2.dir/src.c.obj 
        C:\\PROGRA~1\\MIB055~1\\2022\\COMMUN~1\\VC\\Tools\\MSVC\\1444~1.352\\bin\\Hostx64\\x64\\cl.exe  /nologo -DCHECK_CPU_ARCHITECTURE_LOONGARCH64  /nologo /DWIN32 /D_WINDOWS /utf-8 /MP   /MDd /Z7 /Ob0 /Od /RTC1  -MDd /showIncludes /FoCMakeFiles\\cmTC_ddec2.dir\\src.c.obj /FdCMakeFiles\\cmTC_ddec2.dir\\ /FS -c C:\\Users\\jonas\\Downloads\\rompecabezas-kinect-c\\vcpkg_installed\\vcpkg\\blds\\sdl2\\x64-windows-rel\\CMakeFiles\\CMakeScratch\\TryCompile-tjzer3\\src.c
        C:\\Users\\jonas\\Downloads\\rompecabezas-kinect-c\\vcpkg_installed\\vcpkg\\blds\\sdl2\\x64-windows-rel\\CMakeFiles\\CMakeScratch\\TryCompile-tjzer3\\src.c(6): error C2065: 'choke': identificador no declarado
        C:\\Users\\jonas\\Downloads\\rompecabezas-kinect-c\\vcpkg_installed\\vcpkg\\blds\\sdl2\\x64-windows-rel\\CMakeFiles\\CMakeScratch\\TryCompile-tjzer3\\src.c(8): error C2143: error de sintaxis: falta ';' delante de '}'
        ninja: build stopped: subcommand failed.
        
      exitCode: 1
  -
    kind: "try_compile-v1"
    backtrace:
      - "C:/Program Files/Microsoft Visual Studio/2022/Community/Common7/IDE/CommonExtensions/Microsoft/CMake/CMake/share/cmake-3.31/Modules/CheckIncludeFile.cmake:99 (try_compile)"
      - "CMakeLists.txt:1018 (check_include_file)"
    checks:
      - "Looking for immintrin.h"
    directories:
      source: "C:/Users/jonas/Downloads/rompecabezas-kinect-c/vcpkg_installed/vcpkg/blds/sdl2/x64-windows-rel/CMakeFiles/CMakeScratch/TryCompile-zkfp1x"
      binary: "C:/Users/jonas/Downloads/rompecabezas-kinect-c/vcpkg_installed/vcpkg/blds/sdl2/x64-windows-rel/CMakeFiles/CMakeScratch/TryCompile-zkfp1x"
    cmakeVariables:
      CMAKE_C_FLAGS: " /nologo /DWIN32 /D_WINDOWS /utf-8 /MP "
      CMAKE_C_FLAGS_DEBUG: "/MDd /Z7 /Ob0 /Od /RTC1 "
      CMAKE_EXE_LINKER_FLAGS: "/machine:x64"
      CMAKE_MODULE_PATH: "C:/Users/jonas/Downloads/rompecabezas-kinect-c/vcpkg_installed/vcpkg/blds/sdl2/src/se-2.32.10-3b143ac573.clean/cmake"
      CMAKE_MSVC_DEBUG_INFORMATION_FORMAT: ""
      CMAKE_MSVC_RUNTIME_LIBRARY: "MultiThreaded$<$<CONFIG:Debug>:Debug>$<$<STREQUAL:dynamic,dynamic>:DLL>"
      VCPKG_CHAINLOAD_TOOLCHAIN_FILE: "C:/Program Files/Microsoft Visual Studio/2022/Community/VC/vcpkg/scripts/toolchains/windows.cmake"
      VCPKG_CRT_LINKAGE: "dynamic"
      VCPKG_CXX_FLAGS: ""
      VCPKG_CXX_FLAGS_DEBUG: ""
      VCPKG_CXX_FLAGS_RELEASE: ""
      VCPKG_C_FLAGS: ""
      VCPKG_C_FLAGS_DEBUG: ""
      VCPKG_C_FLAGS_RELEASE: ""
      VCPKG_INSTALLED_DIR: "C:/Users/jonas/Downloads/rompecabezas-kinect-c/vcpkg_installed"
      VCPKG_LINKER_FLAGS: ""
      VCPKG_LINKER_FLAGS_DEBUG: ""
      VCPKG_LINKER_FLAGS_RELEASE: ""
      VCPKG_PLATFORM_TOOLSET: "v143"
      VCPKG_PREFER_SYSTEM_LIBS: "OFF"
      VCPKG_SET_CHARSET_FLAG: "ON"
      VCPKG_TARGET_ARCHITECTURE: "x64"
      VCPKG_TARGET_TRIPLET: "x64-windows"
      Z_VCPKG_ROOT_DIR: "C:/Program Files/Microsoft Visual Studio/2022/Community/VC/vcpkg"
    buildResult:
      variable: "HAVE_IMMINTRIN_H"
      cached: true
      stdout: |
        Change Dir: 'C:/Users/jonas/Downloads/rompecabezas-kinect-c/vcpkg_installed/vcpkg/blds/sdl2/x64-windows-rel/CMakeFiles/CMakeScratch/TryCompile-zkfp1x'
        
        Run Build Command(s): "C:/Program Files/Microsoft Visual Studio/2022/Community/Common7/IDE/CommonExtensions/Microsoft/CMake/Ninja/ninja.exe" -v cmTC_c74e0
        [1/2] C:\\PROGRA~1\\MIB055~1\\2022\\COMMUN~1\\VC\\Tools\\MSVC\\1444~1.352\\bin\\Hostx64\\x64\\cl.exe  /nologo   /nologo /DWIN32 /D_WINDOWS /utf-8 /MP   -D_GNU_SOURCE=1 /MDd /Z7 /Ob0 /Od /RTC1  -MDd /showIncludes /FoCMakeFiles\\cmTC_c74e0.dir\\CheckIncludeFile.c.obj /FdCMakeFiles\\cmTC_c74e0.dir\\ /FS -c C:\\Users\\jonas\\Downloads\\rompecabezas-kinect-c\\vcpkg_installed\\vcpkg\\blds\\sdl2\\x64-windows-rel\\CMakeFiles\\CMakeScratch\\TryCompile-zkfp1x\\CheckIncludeFile.c
        [2/2] C:\\WINDOWS\\system32\\cmd.exe /C "cd . && "C:\\Program Files\\Microsoft Visual Studio\\2022\\Community\\Common7\\IDE\\CommonExtensions\\Microsoft\\CMake\\CMake\\bin\\cmake.exe" -E vs_link_exe --msvc-ver=1944 --intdir=CMakeFiles\\cmTC_c74e0.dir --rc=C:\\PROGRA~2\\WI3CF2~1\\10\\bin\\100261~1.0\\x64\\rc.exe --mt=C:\\PROGRA~2\\WI3CF2~1\\10\\bin\\100261~1.0\\x64\\mt.exe --manifests  -- C:\\PROGRA~1\\MIB055~1\\2022\\COMMUN~1\\VC\\Tools\\MSVC\\1444~1.352\\bin\\Hostx64\\x64\\link.exe /nologo CMakeFiles\\cmTC_c74e0.dir\\CheckIncludeFile.c.obj  /out:cmTC_c74e0.exe /implib:cmTC_c74e0.lib /pdb:cmTC_c74e0.pdb /version:0.0 /machine:x64  /nologo    /debug /INCREMENTAL /subsystem:console  kernel32.lib user32.lib gdi32.lib winspool.lib shell32.lib ole32.lib oleaut32.lib uuid.lib comdlg32.lib advapi32.lib && cd ."
        
      exitCode: 0
  -
    kind: "try_compile-v1"
    backtrace:
      - "C:/Program Files/Microsoft Visual Studio/2022/Community/Common7/IDE/CommonExtensions/Microsoft/CMake/CMake/share/cmake-3.31/Modules/CheckIncludeFile.cmake:99 (try_compile)"
      - "CMakeLists.txt:1027 (check_include_file)"
    checks:
      - "Looking for stdint.h"
    directories:
      source: "C:/Users/jonas/Downloads/rompecabezas-kinect-c/vcpkg_installed/vcpkg/blds/sdl2/x64-windows-rel/CMakeFiles/CMakeScratch/TryCompile-3x34s5"
      binary: "C:/Users/jonas/Downloads/rompecabezas-kinect-c/vcpkg_installed/vcpkg/blds/sdl2/x64-windows-rel/CMakeFiles/CMakeScratch/TryCompile-3x34s5"
    cmakeVariables:
      CMAKE_C_FLAGS: " /nologo /DWIN32 /D_WINDOWS /utf-8 /MP "
      CMAKE_C_FLAGS_DEBUG: "/MDd /Z7 /Ob0 /Od /RTC1 "
      CMAKE_EXE_LINKER_FLAGS: "/machine:x64"
      CMAKE_MODULE_PATH: "C:/Users/jonas/Downloads/rompecabezas-kinect-c/vcpkg_installed/vcpkg/blds/sdl2/src/se-2.32.10-3b143ac573.clean/cmake"
      CMAKE_MSVC_DEBUG_INFORMATION_FORMAT: ""
      CMAKE_MSVC_RUNTIME_LIBRARY: "MultiThreaded$<$<CONFIG:Debug>:Debug>$<$<STREQUAL:dynamic,dynamic>:DLL>"
      VCPKG_CHAINLOAD_TOOLCHAIN_FILE: "C:/Program Files/Microsoft Visual Studio/2022/Community/VC/vcpkg/scripts/toolchains/windows.cmake"
      VCPKG_CRT_LINKAGE: "dynamic"
      VCPKG_CXX_FLAGS: ""
      VCPKG_CXX_FLAGS_DEBUG: ""
      VCPKG_CXX_FLAGS_RELEASE: ""
      VCPKG_C_FLAGS: ""
      VCPKG_C_FLAGS_DEBUG: ""
      VCPKG_C_FLAGS_RELEASE: ""
      VCPKG_INSTALLED_DIR: "C:/Users/jonas/Downloads/rompecabezas-kinect-c/vcpkg_installed"
      VCPKG_LINKER_FLAGS: ""
      VCPKG_LINKER_FLAGS_DEBUG: ""
      VCPKG_LINKER_FLAGS_RELEASE: ""
      VCPKG_PLATFORM_TOOLSET: "v143"
      VCPKG_PREFER_SYSTEM_LIBS: "OFF"
      VCPKG_SET_CHARSET_FLAG: "ON"
      VCPKG_TARGET_ARCHITECTURE: "x64"
      VCPKG_TARGET_TRIPLET: "x64-windows"
      Z_VCPKG_ROOT_DIR: "C:/Program Files/Microsoft Visual Studio/2022/Community/VC/vcpkg"
    buildResult:
      variable: "HAVE_STDINT_H"
      cached: true
      stdout: |
        Change Dir: 'C:/Users/jonas/Downloads/rompecabezas-kinect-c/vcpkg_installed/vcpkg/blds/sdl2/x64-windows-rel/CMakeFiles/CMakeScratch/TryCompile-3x34s5'
        
        Run Build Command(s): "C:/Program Files/Microsoft Visual Studio/2022/Community/Common7/IDE/CommonExtensions/Microsoft/CMake/Ninja/ninja.exe" -v cmTC_99c7a
        [1/2] C:\\PROGRA~1\\MIB055~1\\2022\\COMMUN~1\\VC\\Tools\\MSVC\\1444~1.352\\bin\\Hostx64\\x64\\cl.exe  /nologo   /nologo /DWIN32 /D_WINDOWS /utf-8 /MP   -D_GNU_SOURCE=1 /MDd /Z7 /Ob0 /Od /RTC1  -MDd /showIncludes /FoCMakeFiles\\cmTC_99c7a.dir\\CheckIncludeFile.c.obj /FdCMakeFiles\\cmTC_99c7a.dir\\ /FS -c C:\\Users\\jonas\\Downloads\\rompecabezas-kinect-c\\vcpkg_installed\\vcpkg\\blds\\sdl2\\x64-windows-rel\\CMakeFiles\\CMakeScratch\\TryCompile-3x34s5\\CheckIncludeFile.c
        [2/2] C:\\WINDOWS\\system32\\cmd.exe /C "cd . && "C:\\Program Files\\Microsoft Visual Studio\\2022\\Community\\Common7\\IDE\\CommonExtensions\\Microsoft\\CMake\\CMake\\bin\\cmake.exe" -E vs_link_exe --msvc-ver=1944 --intdir=CMakeFiles\\cmTC_99c7a.dir --rc=C:\\PROGRA~2\\WI3CF2~1\\10\\bin\\100261~1.0\\x64\\rc.exe --mt=C:\\PROGRA~2\\WI3CF2~1\\10\\bin\\100261~1.0\\x64\\mt.exe --manifests  -- C:\\PROGRA~1\\MIB055~1\\2022\\COMMUN~1\\VC\\Tools\\MSVC\\1444~1.352\\bin\\Hostx64\\x64\\link.exe /nologo CMakeFiles\\cmTC_99c7a.dir\\CheckIncludeFile.c.obj  /out:cmTC_99c7a.exe /implib:cmTC_99c7a.lib /pdb:cmTC_99c7a.pdb /version:0.0 /machine:x64  /nologo    /debug /INCREMENTAL /subsystem:console  kernel32.lib user32.lib gdi32.lib winspool.lib shell32.lib ole32.lib oleaut32.lib uuid.lib comdlg32.lib advapi32.lib && cd ."
        
      exitCode: 0
  -
    kind: "try_compile-v1"
    backtrace:
      - "C:/Program Files/Microsoft Visual Studio/2022/Community/Common7/IDE/CommonExtensions/Microsoft/CMake/CMake/share/cmake-3.31/Modules/CheckSymbolExists.cmake:163 (try_compile)"
      - "C:/Program Files/Microsoft Visual Studio/2022/Community/Common7/IDE/CommonExtensions/Microsoft/CMake/CMake/share/cmake-3.31/Modules/CheckSymbolExists.cmake:68 (__CHECK_SYMBOL_EXISTS_IMPL)"
      - "CMakeLists.txt:1048 (check_symbol_exists)"
    checks:
      - "Looking for M_PI"
    directories:
      source: "C:/Users/jonas/Downloads/rompecabezas-kinect-c/vcpkg_installed/vcpkg/blds/sdl2/x64-windows-rel/CMakeFiles/CMakeScratch/TryCompile-yaaql6"
      binary: "C:/Users/jonas/Downloads/rompecabezas-kinect-c/vcpkg_installed/vcpkg/blds/sdl2/x64-windows-rel/CMakeFiles/CMakeScratch/TryCompile-yaaql6"
    cmakeVariables:
      CMAKE_C_FLAGS: " /nologo /DWIN32 /D_WINDOWS /utf-8 /MP "
      CMAKE_C_FLAGS_DEBUG: "/MDd /Z7 /Ob0 /Od /RTC1 "
      CMAKE_EXE_LINKER_FLAGS: "/machine:x64"
      CMAKE_MODULE_PATH: "C:/Users/jonas/Downloads/rompecabezas-kinect-c/vcpkg_installed/vcpkg/blds/sdl2/src/se-2.32.10-3b143ac573.clean/cmake"
      CMAKE_MSVC_DEBUG_INFORMATION_FORMAT: ""
      CMAKE_MSVC_RUNTIME_LIBRARY: "MultiThreaded$<$<CONFIG:Debug>:Debug>$<$<STREQUAL:dynamic,dynamic>:DLL>"
      VCPKG_CHAINLOAD_TOOLCHAIN_FILE: "C:/Program Files/Microsoft Visual Studio/2022/Community/VC/vcpkg/scripts/toolchains/windows.cmake"
      VCPKG_CRT_LINKAGE: "dynamic"
      VCPKG_CXX_FLAGS: ""
      VCPKG_CXX_FLAGS_DEBUG: ""
      VCPKG_CXX_FLAGS_RELEASE: ""
      VCPKG_C_FLAGS: ""
      VCPKG_C_FLAGS_DEBUG: ""
      VCPKG_C_FLAGS_RELEASE: ""
      VCPKG_INSTALLED_DIR: "C:/Users/jonas/Downloads/rompecabezas-kinect-c/vcpkg_installed"
      VCPKG_LINKER_FLAGS: ""
      VCPKG_LINKER_FLAGS_DEBUG: ""
      VCPKG_LINKER_FLAGS_RELEASE: ""
      VCPKG_PLATFORM_TOOLSET: "v143"
      VCPKG_PREFER_SYSTEM_LIBS: "OFF"
      VCPKG_SET_CHARSET_FLAG: "ON"
      VCPKG_TARGET_ARCHITECTURE: "x64"
      VCPKG_TARGET_TRIPLET: "x64-windows"
      Z_VCPKG_ROOT_DIR: "C:/Program Files/Microsoft Visual Studio/2022/Community/VC/vcpkg"
    buildResult:
      variable: "HAVE_M_PI"
      cached: true
      stdout: |
        Change Dir: 'C:/Users/jonas/Downloads/rompecabezas-kinect-c/vcpkg_installed/vcpkg/blds/sdl2/x64-windows-rel/CMakeFiles/CMakeScratch/TryCompile-yaaql6'
        
        Run Build Command(s): "C:/Program Files/Microsoft Visual Studio/2022/Community/Common7/IDE/CommonExtensions/Microsoft/CMake/Ninja/ninja.exe" -v cmTC_2cd70
        [1/2] C:\\PROGRA~1\\MIB055~1\\2022\\COMMUN~1\\VC\\Tools\\MSVC\\1444~1.352\\bin\\Hostx64\\x64\\cl.exe  /nologo   /nologo /DWIN32 /D_WINDOWS /utf-8 /MP   -D_GNU_SOURCE=1 /MDd /Z7 /Ob0 /Od /RTC1  -MDd /showIncludes /FoCMakeFiles\\cmTC_2cd70.dir\\CheckSymbolExists.c.obj /FdCMakeFiles\\cmTC_2cd70.dir\\ /FS -c C:\\Users\\jonas\\Downloads\\rompecabezas-kinect-c\\vcpkg_installed\\vcpkg\\blds\\sdl2\\x64-windows-rel\\CMakeFiles\\CMakeScratch\\TryCompile-yaaql6\\CheckSymbolExists.c
        FAILED: CMakeFiles/cmTC_2cd70.dir/CheckSymbolExists.c.obj 
        C:\\PROGRA~1\\MIB055~1\\2022\\COMMUN~1\\VC\\Tools\\MSVC\\1444~1.352\\bin\\Hostx64\\x64\\cl.exe  /nologo   /nologo /DWIN32 /D_WINDOWS /utf-8 /MP   -D_GNU_SOURCE=1 /MDd /Z7 /Ob0 /Od /RTC1  -MDd /showIncludes /FoCMakeFiles\\cmTC_2cd70.dir\\CheckSymbolExists.c.obj /FdCMakeFiles\\cmTC_2cd70.dir\\ /FS -c C:\\Users\\jonas\\Downloads\\rompecabezas-kinect-c\\vcpkg_installed\\vcpkg\\blds\\sdl2\\x64-windows-rel\\CMakeFiles\\CMakeScratch\\TryCompile-yaaql6\\CheckSymbolExists.c
        C:\\Users\\jonas\\Downloads\\rompecabezas-kinect-c\\vcpkg_installed\\vcpkg\\blds\\sdl2\\x64-windows-rel\\CMakeFiles\\CMakeScratch\\TryCompile-yaaql6\\CheckSymbolExists.c(8): error C2065: 'M_PI': identificador no declarado
        ninja: build stopped: subcommand failed.
        
      exitCode: 1
  -
    kind: "try_compile-v1"
    backtrace:
      - "C:/Program Files/Microsoft Visual Studio/2022/Community/Common7/IDE/CommonExtensions/Microsoft/CMake/CMake/share/cmake-3.31/Modules/Internal/CheckSourceCompiles.cmake:108 (try_compile)"
      - "C:/Program Files/Microsoft Visual Studio/2022/Community/Common7/IDE/CommonExtensions/Microsoft/CMake/CMake/share/cmake-3.31/Modules/CheckCSourceCompiles.cmake:58 (cmake_check_source_compiles)"
      - "CMakeLists.txt:1788 (check_c_source_compiles)"
    checks:
      - "Performing Test HAVE_WIN32_CC"
    directories:
      source: "C:/Users/jonas/Downloads/rompecabezas-kinect-c/vcpkg_installed/vcpkg/blds/sdl2/x64-windows-rel/CMakeFiles/CMakeScratch/TryCompile-u88hez"
      binary: "C:/Users/jonas/Downloads/rompecabezas-kinect-c/vcpkg_installed/vcpkg/blds/sdl2/x64-windows-rel/CMakeFiles/CMakeScratch/TryCompile-u88hez"
    cmakeVariables:
      CMAKE_C_FLAGS: " /nologo /DWIN32 /D_WINDOWS /utf-8 /MP "
      CMAKE_C_FLAGS_DEBUG: "/MDd /Z7 /Ob0 /Od /RTC1 "
      CMAKE_EXE_LINKER_FLAGS: "/machine:x64"
      CMAKE_MODULE_PATH: "C:/Users/jonas/Downloads/rompecabezas-kinect-c/vcpkg_installed/vcpkg/blds/sdl2/src/se-2.32.10-3b143ac573.clean/cmake"
      CMAKE_MSVC_DEBUG_INFORMATION_FORMAT: ""
      CMAKE_MSVC_RUNTIME_LIBRARY: "MultiThreaded$<$<CONFIG:Debug>:Debug>$<$<STREQUAL:dynamic,dynamic>:DLL>"
      VCPKG_CHAINLOAD_TOOLCHAIN_FILE: "C:/Program Files/Microsoft Visual Studio/2022/Community/VC/vcpkg/scripts/toolchains/windows.cmake"
      VCPKG_CRT_LINKAGE: "dynamic"
      VCPKG_CXX_FLAGS: ""
      VCPKG_CXX_FLAGS_DEBUG: ""
      VCPKG_CXX_FLAGS_RELEASE: ""
      VCPKG_C_FLAGS: ""
      VCPKG_C_FLAGS_DEBUG: ""
      VCPKG_C_FLAGS_RELEASE: ""
      VCPKG_INSTALLED_DIR: "C:/Users/jonas/Downloads/rompecabezas-kinect-c/vcpkg_installed"
      VCPKG_LINKER_FLAGS: ""
      VCPKG_LINKER_FLAGS_DEBUG: ""
      VCPKG_LINKER_FLAGS_RELEASE: ""
      VCPKG_PLATFORM_TOOLSET: "v143"
      VCPKG_PREFER_SYSTEM_LIBS: "OFF"
      VCPKG_SET_CHARSET_FLAG: "ON"
      VCPKG_TARGET_ARCHITECTURE: "x64"
      VCPKG_TARGET_TRIPLET: "x64-windows"
      Z_VCPKG_ROOT_DIR: "C:/Program Files/Microsoft Visual Studio/2022/Community/VC/vcpkg"
    buildResult:
      variable: "HAVE_WIN32_CC"
      cached: true
      stdout: |
        Change Dir: 'C:/Users/jonas/Downloads/rompecabezas-kinect-c/vcpkg_installed/vcpkg/blds/sdl2/x64-windows-rel/CMakeFiles/CMakeScratch/TryCompile-u88hez'
        
        Run Build Command(s): "C:/Program Files/Microsoft Visual Studio/2022/Community/Common7/IDE/CommonExtensions/Microsoft/CMake/Ninja/ninja.exe" -v cmTC_4b1d8
        [1/2] C:\\PROGRA~1\\MIB055~1\\2022\\COMMUN~1\\VC\\Tools\\MSVC\\1444~1.352\\bin\\Hostx64\\x64\\cl.exe  /nologo -DHAVE_WIN32_CC  /nologo /DWIN32 /D_WINDOWS /utf-8 /MP   -D_GNU_SOURCE=1 /MDd /Z7 /Ob0 /Od /RTC1  -MDd /showIncludes /FoCMakeFiles\\cmTC_4b1d8.dir\\src.c.obj /FdCMakeFiles\\cmTC_4b1d8.dir\\ /FS -c C:\\Users\\jonas\\Downloads\\rompecabezas-kinect-c\\vcpkg_installed\\vcpkg\\blds\\sdl2\\x64-windows-rel\\CMakeFiles\\CMakeScratch\\TryCompile-u88hez\\src.c
        [2/2] C:\\WINDOWS\\system32\\cmd.exe /C "cd . && "C:\\Program Files\\Microsoft Visual Studio\\2022\\Community\\Common7\\IDE\\CommonExtensions\\Microsoft\\CMake\\CMake\\bin\\cmake.exe" -E vs_link_exe --msvc-ver=1944 --intdir=CMakeFiles\\cmTC_4b1d8.dir --rc=C:\\PROGRA~2\\WI3CF2~1\\10\\bin\\100261~1.0\\x64\\rc.exe --mt=C:\\PROGRA~2\\WI3CF2~1\\10\\bin\\100261~1.0\\x64\\mt.exe --manifests  -- C:\\PROGRA~1\\MIB055~1\\2022\\COMMUN~1\\VC\\Tools\\MSVC\\1444~1.352\\bin\\Hostx64\\x64\\link.exe /nologo CMakeFiles\\cmTC_4b1d8.dir\\src.c.obj  /out:cmTC_4b1d8.exe /implib:cmTC_4b1d8.lib /pdb:cmTC_4b1d8.pdb /version:0.0 /machine:x64  /nologo    /debug /INCREMENTAL /subsystem:console  kernel32.lib user32.lib gdi32.lib winspool.lib shell32.lib ole32.lib oleaut32.lib uuid.lib comdlg32.lib advapi32.lib && cd ."
        
      exitCode: 0
  -
    kind: "try_compile-v1"
    backtrace:
      - "C:/Program Files/Microsoft Visual Studio/2022/Community/Common7/IDE/CommonExtensions/Microsoft/CMake/CMake/share/cmake-3.31/Modules/CheckIncludeFile.cmake:99 (try_compile)"
      - "CMakeLists.txt:1823 (check_include_file)"
    checks:
      - "Looking for d3d9.h"
    directories:
      source: "C:/Users/jonas/Downloads/rompecabezas-kinect-c/vcpkg_installed/vcpkg/blds/sdl2/x64-windows-rel/CMakeFiles/CMakeScratch/TryCompile-ua3pl8"
      binary: "C:/Users/jonas/Downloads/rompecabezas-kinect-c/vcpkg_installed/vcpkg/blds/sdl2/x64-windows-rel/CMakeFiles/CMakeScratch/TryCompile-ua3pl8"
    cmakeVariables:
      CMAKE_C_FLAGS: " /nologo /DWIN32 /D_WINDOWS /utf-8 /MP "
      CMAKE_C_FLAGS_DEBUG: "/MDd /Z7 /Ob0 /Od /RTC1 "
      CMAKE_EXE_LINKER_FLAGS: "/machine:x64"
      CMAKE_MODULE_PATH: "C:/Users/jonas/Downloads/rompecabezas-kinect-c/vcpkg_installed/vcpkg/blds/sdl2/src/se-2.32.10-3b143ac573.clean/cmake"
      CMAKE_MSVC_DEBUG_INFORMATION_FORMAT: ""
      CMAKE_MSVC_RUNTIME_LIBRARY: "MultiThreaded$<$<CONFIG:Debug>:Debug>$<$<STREQUAL:dynamic,dynamic>:DLL>"
      VCPKG_CHAINLOAD_TOOLCHAIN_FILE: "C:/Program Files/Microsoft Visual Studio/2022/Community/VC/vcpkg/scripts/toolchains/windows.cmake"
      VCPKG_CRT_LINKAGE: "dynamic"
      VCPKG_CXX_FLAGS: ""
      VCPKG_CXX_FLAGS_DEBUG: ""
      VCPKG_CXX_FLAGS_RELEASE: ""
      VCPKG_C_FLAGS: ""
      VCPKG_C_FLAGS_DEBUG: ""
      VCPKG_C_FLAGS_RELEASE: ""
      VCPKG_INSTALLED_DIR: "C:/Users/jonas/Downloads/rompecabezas-kinect-c/vcpkg_installed"
      VCPKG_LINKER_FLAGS: ""
      VCPKG_LINKER_FLAGS_DEBUG: ""
      VCPKG_LINKER_FLAGS_RELEASE: ""
      VCPKG_PLATFORM_TOOLSET: "v143"
      VCPKG_PREFER_SYSTEM_LIBS: "OFF"
      VCPKG_SET_CHARSET_FLAG: "ON"
      VCPKG_TARGET_ARCHITECTURE: "x64"
      VCPKG_TARGET_TRIPLET: "x64-windows"
      Z_VCPKG_ROOT_DIR: "C:/Program Files/Microsoft Visual Studio/2022/Community/VC/vcpkg"
    buildResult:
      variable: "HAVE_D3D_H"
      cached: true
      stdout: |
        Change Dir: 'C:/Users/jonas/Downloads/rompecabezas-kinect-c/vcpkg_installed/vcpkg/blds/sdl2/x64-windows-rel/CMakeFiles/CMakeScratch/TryCompile-ua3pl8'
        
        Run Build Command(s): "C:/Program Files/Microsoft Visual Studio/2022/Community/Common7/IDE/CommonExtensions/Microsoft/CMake/Ninja/ninja.exe" -v cmTC_a12f9
        [1/2] C:\\PROGRA~1\\MIB055~1\\2022\\COMMUN~1\\VC\\Tools\\MSVC\\1444~1.352\\bin\\Hostx64\\x64\\cl.exe  /nologo   /nologo /DWIN32 /D_WINDOWS /utf-8 /MP   -D_GNU_SOURCE=1 /MDd /Z7 /Ob0 /Od /RTC1  -MDd /showIncludes /FoCMakeFiles\\cmTC_a12f9.dir\\CheckIncludeFile.c.obj /FdCMakeFiles\\cmTC_a12f9.dir\\ /FS -c C:\\Users\\jonas\\Downloads\\rompecabezas-kinect-c\\vcpkg_installed\\vcpkg\\blds\\sdl2\\x64-windows-rel\\CMakeFiles\\CMakeScratch\\TryCompile-ua3pl8\\CheckIncludeFile.c
        [2/2] C:\\WINDOWS\\system32\\cmd.exe /C "cd . && "C:\\Program Files\\Microsoft Visual Studio\\2022\\Community\\Common7\\IDE\\CommonExtensions\\Microsoft\\CMake\\CMake\\bin\\cmake.exe" -E vs_link_exe --msvc-ver=1944 --intdir=CMakeFiles\\cmTC_a12f9.dir --rc=C:\\PROGRA~2\\WI3CF2~1\\10\\bin\\100261~1.0\\x64\\rc.exe --mt=C:\\PROGRA~2\\WI3CF2~1\\10\\bin\\100261~1.0\\x64\\mt.exe --manifests  -- C:\\PROGRA~1\\MIB055~1\\2022\\COMMUN~1\\VC\\Tools\\MSVC\\1444~1.352\\bin\\Hostx64\\x64\\link.exe /nologo CMakeFiles\\cmTC_a12f9.dir\\CheckIncludeFile.c.obj  /out:cmTC_a12f9.exe /implib:cmTC_a12f9.lib /pdb:cmTC_a12f9.pdb /version:0.0 /machine:x64  /nologo    /debug /INCREMENTAL /subsystem:console  kernel32.lib user32.lib gdi32.lib winspool.lib shell32.lib ole32.lib oleaut32.lib uuid.lib comdlg32.lib advapi32.lib && cd ."
        
      exitCode: 0
  -
    kind: "try_compile-v1"
    backtrace:
      - "C:/Program Files/Microsoft Visual Studio/2022/Community/Common7/IDE/CommonExtensions/Microsoft/CMake/CMake/share/cmake-3.31/Modules/CheckIncludeFile.cmake:99 (try_compile)"
      - "CMakeLists.txt:1824 (check_include_file)"
    checks:
      - "Looking for d3d11_1.h"
    directories:
      source: "C:/Users/jonas/Downloads/rompecabezas-kinect-c/vcpkg_installed/vcpkg/blds/sdl2/x64-windows-rel/CMakeFiles/CMakeScratch/TryCompile-z3hdmb"
      binary: "C:/Users/jonas/Downloads/rompecabezas-kinect-c/vcpkg_installed/vcpkg/blds/sdl2/x64-windows-rel/CMakeFiles/CMakeScratch/TryCompile-z3hdmb"
    cmakeVariables:
      CMAKE_C_FLAGS: " /nologo /DWIN32 /D_WINDOWS /utf-8 /MP "
      CMAKE_C_FLAGS_DEBUG: "/MDd /Z7 /Ob0 /Od /RTC1 "
      CMAKE_EXE_LINKER_FLAGS: "/machine:x64"
      CMAKE_MODULE_PATH: "C:/Users/jonas/Downloads/rompecabezas-kinect-c/vcpkg_installed/vcpkg/blds/sdl2/src/se-2.32.10-3b143ac573.clean/cmake"
      CMAKE_MSVC_DEBUG_INFORMATION_FORMAT: ""
      CMAKE_MSVC_RUNTIME_LIBRARY: "MultiThreaded$<$<CONFIG:Debug>:Debug>$<$<STREQUAL:dynamic,dynamic>:DLL>"
      VCPKG_CHAINLOAD_TOOLCHAIN_FILE: "C:/Program Files/Microsoft Visual Studio/2022/Community/VC/vcpkg/scripts/toolchains/windows.cmake"
      VCPKG_CRT_LINKAGE: "dynamic"
      VCPKG_CXX_FLAGS: ""
      VCPKG_CXX_FLAGS_DEBUG: ""
      VCPKG_CXX_FLAGS_RELEASE: ""
      VCPKG_C_FLAGS: ""
      VCPKG_C_FLAGS_DEBUG: ""
      VCPKG_C_FLAGS_RELEASE: ""
      VCPKG_INSTALLED_DIR: "C:/Users/jonas/Downloads/rompecabezas-kinect-c/vcpkg_installed"
      VCPKG_LINKER_FLAGS: ""
      VCPKG_LINKER_FLAGS_DEBUG: ""
      VCPKG_LINKER_FLAGS_RELEASE: ""
      VCPKG_PLATFORM_TOOLSET: "v143"
      VCPKG_PREFER_SYSTEM_LIBS: "OFF"
      VCPKG_SET_CHARSET_FLAG: "ON"
      VCPKG_TARGET_ARCHITECTURE: "x64"
      VCPKG_TARGET_TRIPLET: "x64-windows"
      Z_VCPKG_ROOT_DIR: "C:/Program Files/Microsoft Visual Studio/2022/Community/VC/vcpkg"
    buildResult:
      variable: "HAVE_D3D11_H"
      cached: true
      stdout: |
        Change Dir: 'C:/Users/jonas/Downloads/rompecabezas-kinect-c/vcpkg_installed/vcpkg/blds/sdl2/x64-windows-rel/CMakeFiles/CMakeScratch/TryCompile-z3hdmb'
        
        Run Build Command(s): "C:/Program Files/Microsoft Visual Studio/2022/Community/Common7/IDE/CommonExtensions/Microsoft/CMake/Ninja/ninja.exe" -v cmTC_fa38f
        [1/2] C:\\PROGRA~1\\MIB055~1\\2022\\COMMUN~1\\VC\\Tools\\MSVC\\1444~1.352\\bin\\Hostx64\\x64\\cl.exe  /nologo   /nologo /DWIN32 /D_WINDOWS /utf-8 /MP   -D_GNU_SOURCE=1 /MDd /Z7 /Ob0 /Od /RTC1  -MDd /showIncludes /FoCMakeFiles\\cmTC_fa38f.dir\\CheckIncludeFile.c.obj /FdCMakeFiles\\cmTC_fa38f.dir\\ /FS -c C:\\Users\\jonas\\Downloads\\rompecabezas-kinect-c\\vcpkg_installed\\vcpkg\\blds\\sdl2\\x64-windows-rel\\CMakeFiles\\CMakeScratch\\TryCompile-z3hdmb\\CheckIncludeFile.c
        [2/2] C:\\WINDOWS\\system32\\cmd.exe /C "cd . && "C:\\Program Files\\Microsoft Visual Studio\\2022\\Community\\Common7\\IDE\\CommonExtensions\\Microsoft\\CMake\\CMake\\bin\\cmake.exe" -E vs_link_exe --msvc-ver=1944 --intdir=CMakeFiles\\cmTC_fa38f.dir --rc=C:\\PROGRA~2\\WI3CF2~1\\10\\bin\\100261~1.0\\x64\\rc.exe --mt=C:\\PROGRA~2\\WI3CF2~1\\10\\bin\\100261~1.0\\x64\\mt.exe --manifests  -- C:\\PROGRA~1\\MIB055~1\\2022\\COMMUN~1\\VC\\Tools\\MSVC\\1444~1.352\\bin\\Hostx64\\x64\\link.exe /nologo CMakeFiles\\cmTC_fa38f.dir\\CheckIncludeFile.c.obj  /out:cmTC_fa38f.exe /implib:cmTC_fa38f.lib /pdb:cmTC_fa38f.pdb /version:0.0 /machine:x64  /nologo    /debug /INCREMENTAL /subsystem:console  kernel32.lib user32.lib gdi32.lib winspool.lib shell32.lib ole32.lib oleaut32.lib uuid.lib comdlg32.lib advapi32.lib && cd ."
        
      exitCode: 0
  -
    kind: "try_compile-v1"
    backtrace:
      - "C:/Program Files/Microsoft Visual Studio/2022/Community/Common7/IDE/CommonExtensions/Microsoft/CMake/CMake/share/cmake-3.31/Modules/Internal/CheckSourceCompiles.cmake:108 (try_compile)"
      - "C:/Program Files/Microsoft Visual Studio/2022/Community/Common7/IDE/CommonExtensions/Microsoft/CMake/CMake/share/cmake-3.31/Modules/CheckCSourceCompiles.cmake:58 (cmake_check_source_compiles)"
      - "CMakeLists.txt:1825 (check_c_source_compiles)"
    checks:
      - "Performing Test HAVE_D3D12_H"
    directories:
      source: "C:/Users/jonas/Downloads/rompecabezas-kinect-c/vcpkg_installed/vcpkg/blds/sdl2/x64-windows-rel/CMakeFiles/CMakeScratch/TryCompile-xpab9j"
      binary: "C:/Users/jonas/Downloads/rompecabezas-kinect-c/vcpkg_installed/vcpkg/blds/sdl2/x64-windows-rel/CMakeFiles/CMakeScratch/TryCompile-xpab9j"
    cmakeVariables:
      CMAKE_C_FLAGS: " /nologo /DWIN32 /D_WINDOWS /utf-8 /MP "
      CMAKE_C_FLAGS_DEBUG: "/MDd /Z7 /Ob0 /Od /RTC1 "
      CMAKE_EXE_LINKER_FLAGS: "/machine:x64"
      CMAKE_MODULE_PATH: "C:/Users/jonas/Downloads/rompecabezas-kinect-c/vcpkg_installed/vcpkg/blds/sdl2/src/se-2.32.10-3b143ac573.clean/cmake"
      CMAKE_MSVC_DEBUG_INFORMATION_FORMAT: ""
      CMAKE_MSVC_RUNTIME_LIBRARY: "MultiThreaded$<$<CONFIG:Debug>:Debug>$<$<STREQUAL:dynamic,dynamic>:DLL>"
      VCPKG_CHAINLOAD_TOOLCHAIN_FILE: "C:/Program Files/Microsoft Visual Studio/2022/Community/VC/vcpkg/scripts/toolchains/windows.cmake"
      VCPKG_CRT_LINKAGE: "dynamic"
      VCPKG_CXX_FLAGS: ""
      VCPKG_CXX_FLAGS_DEBUG: ""
      VCPKG_CXX_FLAGS_RELEASE: ""
      VCPKG_C_FLAGS: ""
      VCPKG_C_FLAGS_DEBUG: ""
      VCPKG_C_FLAGS_RELEASE: ""
      VCPKG_INSTALLED_DIR: "C:/Users/jonas/Downloads/rompecabezas-kinect-c/vcpkg_installed"
      VCPKG_LINKER_FLAGS: ""
      VCPKG_LINKER_FLAGS_DEBUG: ""
      VCPKG_LINKER_FLAGS_RELEASE: ""
      VCPKG_PLATFORM_TOOLSET: "v143"
      VCPKG_PREFER_SYSTEM_LIBS: "OFF"
      VCPKG_SET_CHARSET_FLAG: "ON"
      VCPKG_TARGET_ARCHITECTURE: "x64"
      VCPKG_TARGET_TRIPLET: "x64-windows"
      Z_VCPKG_ROOT_DIR: "C:/Program Files/Microsoft Visual Studio/2022/Community/VC/vcpkg"
    buildResult:
      variable: "HAVE_D3D12_H"
      cached: true
      stdout: |
        Change Dir: 'C:/Users/jonas/Downloads/rompecabezas-kinect-c/vcpkg_installed/vcpkg/blds/sdl2/x64-windows-rel/CMakeFiles/CMakeScratch/TryCompile-xpab9j'
        
        Run Build Command(s): "C:/Program Files/Microsoft Visual Studio/2022/Community/Common7/IDE/CommonExtensions/Microsoft/CMake/Ninja/ninja.exe" -v cmTC_c220a
        [1/2] C:\\PROGRA~1\\MIB055~1\\2022\\COMMUN~1\\VC\\Tools\\MSVC\\1444~1.352\\bin\\Hostx64\\x64\\cl.exe  /nologo -DHAVE_D3D12_H  /nologo /DWIN32 /D_WINDOWS /utf-8 /MP   -D_GNU_SOURCE=1 /MDd /Z7 /Ob0 /Od /RTC1  -MDd /showIncludes /FoCMakeFiles\\cmTC_c220a.dir\\src.c.obj /FdCMakeFiles\\cmTC_c220a.dir\\ /FS -c C:\\Users\\jonas\\Downloads\\rompecabezas-kinect-c\\vcpkg_installed\\vcpkg\\blds\\sdl2\\x64-windows-rel\\CMakeFiles\\CMakeScratch\\TryCompile-xpab9j\\src.c
        [2/2] C:\\WINDOWS\\system32\\cmd.exe /C "cd . && "C:\\Program Files\\Microsoft Visual Studio\\2022\\Community\\Common7\\IDE\\CommonExtensions\\Microsoft\\CMake\\CMake\\bin\\cmake.exe" -E vs_link_exe --msvc-ver=1944 --intdir=CMakeFiles\\cmTC_c220a.dir --rc=C:\\PROGRA~2\\WI3CF2~1\\10\\bin\\100261~1.0\\x64\\rc.exe --mt=C:\\PROGRA~2\\WI3CF2~1\\10\\bin\\100261~1.0\\x64\\mt.exe --manifests  -- C:\\PROGRA~1\\MIB055~1\\2022\\COMMUN~1\\VC\\Tools\\MSVC\\1444~1.352\\bin\\Hostx64\\x64\\link.exe /nologo CMakeFiles\\cmTC_c220a.dir\\src.c.obj  /out:cmTC_c220a.exe /implib:cmTC_c220a.lib /pdb:cmTC_c220a.pdb /version:0.0 /machine:x64  /nologo    /debug /INCREMENTAL /subsystem:console  kernel32.lib user32.lib gdi32.lib winspool.lib shell32.lib ole32.lib oleaut32.lib uuid.lib comdlg32.lib advapi32.lib && cd ."
        
      exitCode: 0
  -
    kind: "try_compile-v1"
    backtrace:
      - "C:/Program Files/Microsoft Visual Studio/2022/Community/Common7/IDE/CommonExtensions/Microsoft/CMake/CMake/share/cmake-3.31/Modules/CheckIncludeFile.cmake:99 (try_compile)"
      - "CMakeLists.txt:1831 (check_include_file)"
    checks:
      - "Looking for ddraw.h"
    directories:
      source: "C:/Users/jonas/Downloads/rompecabezas-kinect-c/vcpkg_installed/vcpkg/blds/sdl2/x64-windows-rel/CMakeFiles/CMakeScratch/TryCompile-pk4z8z"
      binary: "C:/Users/jonas/Downloads/rompecabezas-kinect-c/vcpkg_installed/vcpkg/blds/sdl2/x64-windows-rel/CMakeFiles/CMakeScratch/TryCompile-pk4z8z"
    cmakeVariables:
      CMAKE_C_FLAGS: " /nologo /DWIN32 /D_WINDOWS /utf-8 /MP "
      CMAKE_C_FLAGS_DEBUG: "/MDd /Z7 /Ob0 /Od /RTC1 "
      CMAKE_EXE_LINKER_FLAGS: "/machine:x64"
      CMAKE_MODULE_PATH: "C:/Users/jonas/Downloads/rompecabezas-kinect-c/vcpkg_installed/vcpkg/blds/sdl2/src/se-2.32.10-3b143ac573.clean/cmake"
      CMAKE_MSVC_DEBUG_INFORMATION_FORMAT: ""
      CMAKE_MSVC_RUNTIME_LIBRARY: "MultiThreaded$<$<CONFIG:Debug>:Debug>$<$<STREQUAL:dynamic,dynamic>:DLL>"
      VCPKG_CHAINLOAD_TOOLCHAIN_FILE: "C:/Program Files/Microsoft Visual Studio/2022/Community/VC/vcpkg/scripts/toolchains/windows.cmake"
      VCPKG_CRT_LINKAGE: "dynamic"
      VCPKG_CXX_FLAGS: ""
      VCPKG_CXX_FLAGS_DEBUG: ""
      VCPKG_CXX_FLAGS_RELEASE: ""
      VCPKG_C_FLAGS: ""
      VCPKG_C_FLAGS_DEBUG: ""
      VCPKG_C_FLAGS_RELEASE: ""
      VCPKG_INSTALLED_DIR: "C:/Users/jonas/Downloads/rompecabezas-kinect-c/vcpkg_installed"
      VCPKG_LINKER_FLAGS: ""
      VCPKG_LINKER_FLAGS_DEBUG: ""
      VCPKG_LINKER_FLAGS_RELEASE: ""
      VCPKG_PLATFORM_TOOLSET: "v143"
      VCPKG_PREFER_SYSTEM_LIBS: "OFF"
      VCPKG_SET_CHARSET_FLAG: "ON"
      VCPKG_TARGET_ARCHITECTURE: "x64"
      VCPKG_TARGET_TRIPLET: "x64-windows"
      Z_VCPKG_ROOT_DIR: "C:/Program Files/Microsoft Visual Studio/2022/Community/VC/vcpkg"
    buildResult:
      variable: "HAVE_DDRAW_H"
      cached: true
      stdout: |
        Change Dir: 'C:/Users/jonas/Downloads/rompecabezas-kinect-c/vcpkg_installed/vcpkg/blds/sdl2/x64-windows-rel/CMakeFiles/CMakeScratch/TryCompile-pk4z8z'
        
        Run Build Command(s): "C:/Program Files/Microsoft Visual Studio/2022/Community/Common7/IDE/CommonExtensions/Microsoft/CMake/Ninja/ninja.exe" -v cmTC_9ec67
        [1/2] C:\\PROGRA~1\\MIB055~1\\2022\\COMMUN~1\\VC\\Tools\\MSVC\\1444~1.352\\bin\\Hostx64\\x64\\cl.exe  /nologo   /nologo /DWIN32 /D_WINDOWS /utf-8 /MP   -D_GNU_SOURCE=1 /MDd /Z7 /Ob0 /Od /RTC1  -MDd /showIncludes /FoCMakeFiles\\cmTC_9ec67.dir\\CheckIncludeFile.c.obj /FdCMakeFiles\\cmTC_9ec67.dir\\ /FS -c C:\\Users\\jonas\\Downloads\\rompecabezas-kinect-c\\vcpkg_installed\\vcpkg\\blds\\sdl2\\x64-windows-rel\\CMakeFiles\\CMakeScratch\\TryCompile-pk4z8z\\CheckIncludeFile.c
        [2/2] C:\\WINDOWS\\system32\\cmd.exe /C "cd . && "C:\\Program Files\\Microsoft Visual Studio\\2022\\Community\\Common7\\IDE\\CommonExtensions\\Microsoft\\CMake\\CMake\\bin\\cmake.exe" -E vs_link_exe --msvc-ver=1944 --intdir=CMakeFiles\\cmTC_9ec67.dir --rc=C:\\PROGRA~2\\WI3CF2~1\\10\\bin\\100261~1.0\\x64\\rc.exe --mt=C:\\PROGRA~2\\WI3CF2~1\\10\\bin\\100261~1.0\\x64\\mt.exe --manifests  -- C:\\PROGRA~1\\MIB055~1\\2022\\COMMUN~1\\VC\\Tools\\MSVC\\1444~1.352\\bin\\Hostx64\\x64\\link.exe /nologo CMakeFiles\\cmTC_9ec67.dir\\CheckIncludeFile.c.obj  /out:cmTC_9ec67.exe /implib:cmTC_9ec67.lib /pdb:cmTC_9ec67.pdb /version:0.0 /machine:x64  /nologo    /debug /INCREMENTAL /subsystem:console  kernel32.lib user32.lib gdi32.lib winspool.lib shell32.lib ole32.lib oleaut32.lib uuid.lib comdlg32.lib advapi32.lib && cd ."
        
      exitCode: 0
  -
    kind: "try_compile-v1"
    backtrace:
      - "C:/Program Files/Microsoft Visual Studio/2022/Community/Common7/IDE/CommonExtensions/Microsoft/CMake/CMake/share/cmake-3.31/Modules/CheckIncludeFile.cmake:99 (try_compile)"
      - "CMakeLists.txt:1832 (check_include_file)"
    checks:
      - "Looking for dsound.h"
    directories:
      source: "C:/Users/jonas/Downloads/rompecabezas-kinect-c/vcpkg_installed/vcpkg/blds/sdl2/x64-windows-rel/CMakeFiles/CMakeScratch/TryCompile-g2iud7"
      binary: "C:/Users/jonas/Downloads/rompecabezas-kinect-c/vcpkg_installed/vcpkg/blds/sdl2/x64-windows-rel/CMakeFiles/CMakeScratch/TryCompile-g2iud7"
    cmakeVariables:
      CMAKE_C_FLAGS: " /nologo /DWIN32 /D_WINDOWS /utf-8 /MP "
      CMAKE_C_FLAGS_DEBUG: "/MDd /Z7 /Ob0 /Od /RTC1 "
      CMAKE_EXE_LINKER_FLAGS: "/machine:x64"
      CMAKE_MODULE_PATH: "C:/Users/jonas/Downloads/rompecabezas-kinect-c/vcpkg_installed/vcpkg/blds/sdl2/src/se-2.32.10-3b143ac573.clean/cmake"
      CMAKE_MSVC_DEBUG_INFORMATION_FORMAT: ""
      CMAKE_MSVC_RUNTIME_LIBRARY: "MultiThreaded$<$<CONFIG:Debug>:Debug>$<$<STREQUAL:dynamic,dynamic>:DLL>"
      VCPKG_CHAINLOAD_TOOLCHAIN_FILE: "C:/Program Files/Microsoft Visual Studio/2022/Community/VC/vcpkg/scripts/toolchains/windows.cmake"
      VCPKG_CRT_LINKAGE: "dynamic"
      VCPKG_CXX_FLAGS: ""
      VCPKG_CXX_FLAGS_DEBUG: ""
      VCPKG_CXX_FLAGS_RELEASE: ""
      VCPKG_C_FLAGS: ""
      VCPKG_C_FLAGS_DEBUG: ""
      VCPKG_C_FLAGS_RELEASE: ""
      VCPKG_INSTALLED_DIR: "C:/Users/jonas/Downloads/rompecabezas-kinect-c/vcpkg_installed"
      VCPKG_LINKER_FLAGS: ""
      VCPKG_LINKER_FLAGS_DEBUG: ""
      VCPKG_LINKER_FLAGS_RELEASE: ""
      VCPKG_PLATFORM_TOOLSET: "v143"
      VCPKG_PREFER_SYSTEM_LIBS: "OFF"
      VCPKG_SET_CHARSET_FLAG: "ON"
      VCPKG_TARGET_ARCHITECTURE: "x64"
      VCPKG_TARGET_TRIPLET: "x64-windows"
      Z_VCPKG_ROOT_DIR: "C:/Program Files/Microsoft Visual Studio/2022/Community/VC/vcpkg"
    buildResult:
      variable: "HAVE_DSOUND_H"
      cached: true
      stdout: |
        Change Dir: 'C:/Users/jonas/Downloads/rompecabezas-kinect-c/vcpkg_installed/vcpkg/blds/sdl2/x64-windows-rel/CMakeFiles/CMakeScratch/TryCompile-g2iud7'
        
        Run Build Command(s): "C:/Program Files/Microsoft Visual Studio/2022/Community/Common7/IDE/CommonExtensions/Microsoft/CMake/Ninja/ninja.exe" -v cmTC_82536
        [1/2] C:\\PROGRA~1\\MIB055~1\\2022\\COMMUN~1\\VC\\Tools\\MSVC\\1444~1.352\\bin\\Hostx64\\x64\\cl.exe  /nologo   /nologo /DWIN32 /D_WINDOWS /utf-8 /MP   -D_GNU_SOURCE=1 /MDd /Z7 /Ob0 /Od /RTC1  -MDd /showIncludes /FoCMakeFiles\\cmTC_82536.dir\\CheckIncludeFile.c.obj /FdCMakeFiles\\cmTC_82536.dir\\ /FS -c C:\\Users\\jonas\\Downloads\\rompecabezas-kinect-c\\vcpkg_installed\\vcpkg\\blds\\sdl2\\x64-windows-rel\\CMakeFiles\\CMakeScratch\\TryCompile-g2iud7\\CheckIncludeFile.c
        [2/2] C:\\WINDOWS\\system32\\cmd.exe /C "cd . && "C:\\Program Files\\Microsoft Visual Studio\\2022\\Community\\Common7\\IDE\\CommonExtensions\\Microsoft\\CMake\\CMake\\bin\\cmake.exe" -E vs_link_exe --msvc-ver=1944 --intdir=CMakeFiles\\cmTC_82536.dir --rc=C:\\PROGRA~2\\WI3CF2~1\\10\\bin\\100261~1.0\\x64\\rc.exe --mt=C:\\PROGRA~2\\WI3CF2~1\\10\\bin\\100261~1.0\\x64\\mt.exe --manifests  -- C:\\PROGRA~1\\MIB055~1\\2022\\COMMUN~1\\VC\\Tools\\MSVC\\1444~1.352\\bin\\Hostx64\\x64\\link.exe /nologo CMakeFiles\\cmTC_82536.dir\\CheckIncludeFile.c.obj  /out:cmTC_82536.exe /implib:cmTC_82536.lib /pdb:cmTC_82536.pdb /version:0.0 /machine:x64  /nologo    /debug /INCREMENTAL /subsystem:console  kernel32.lib user32.lib gdi32.lib winspool.lib shell32.lib ole32.lib oleaut32.lib uuid.lib comdlg32.lib advapi32.lib && cd ."
        
      exitCode: 0
  -
    kind: "try_compile-v1"
    backtrace:
      - "C:/Program Files/Microsoft Visual Studio/2022/Community/Common7/IDE/CommonExtensions/Microsoft/CMake/CMake/share/cmake-3.31/Modules/CheckIncludeFile.cmake:99 (try_compile)"
      - "CMakeLists.txt:1833 (check_include_file)"
    checks:
      - "Looking for dinput.h"
    directories:
      source: "C:/Users/jonas/Downloads/rompecabezas-kinect-c/vcpkg_installed/vcpkg/blds/sdl2/x64-windows-rel/CMakeFiles/CMakeScratch/TryCompile-ox10b9"
      binary: "C:/Users/jonas/Downloads/rompecabezas-kinect-c/vcpkg_installed/vcpkg/blds/sdl2/x64-windows-rel/CMakeFiles/CMakeScratch/TryCompile-ox10b9"
    cmakeVariables:
      CMAKE_C_FLAGS: " /nologo /DWIN32 /D_WINDOWS /utf-8 /MP "
      CMAKE_C_FLAGS_DEBUG: "/MDd /Z7 /Ob0 /Od /RTC1 "
      CMAKE_EXE_LINKER_FLAGS: "/machine:x64"
      CMAKE_MODULE_PATH: "C:/Users/jonas/Downloads/rompecabezas-kinect-c/vcpkg_installed/vcpkg/blds/sdl2/src/se-2.32.10-3b143ac573.clean/cmake"
      CMAKE_MSVC_DEBUG_INFORMATION_FORMAT: ""
      CMAKE_MSVC_RUNTIME_LIBRARY: "MultiThreaded$<$<CONFIG:Debug>:Debug>$<$<STREQUAL:dynamic,dynamic>:DLL>"
      VCPKG_CHAINLOAD_TOOLCHAIN_FILE: "C:/Program Files/Microsoft Visual Studio/2022/Community/VC/vcpkg/scripts/toolchains/windows.cmake"
      VCPKG_CRT_LINKAGE: "dynamic"
      VCPKG_CXX_FLAGS: ""
      VCPKG_CXX_FLAGS_DEBUG: ""
      VCPKG_CXX_FLAGS_RELEASE: ""
      VCPKG_C_FLAGS: ""
      VCPKG_C_FLAGS_DEBUG: ""
      VCPKG_C_FLAGS_RELEASE: ""
      VCPKG_INSTALLED_DIR: "C:/Users/jonas/Downloads/rompecabezas-kinect-c/vcpkg_installed"
      VCPKG_LINKER_FLAGS: ""
      VCPKG_LINKER_FLAGS_DEBUG: ""
      VCPKG_LINKER_FLAGS_RELEASE: ""
      VCPKG_PLATFORM_TOOLSET: "v143"
      VCPKG_PREFER_SYSTEM_LIBS: "OFF"
      VCPKG_SET_CHARSET_FLAG: "ON"
      VCPKG_TARGET_ARCHITECTURE: "x64"
      VCPKG_TARGET_TRIPLET: "x64-windows"
      Z_VCPKG_ROOT_DIR: "C:/Program Files/Microsoft Visual Studio/2022/Community/VC/vcpkg"
    buildResult:
      variable: "HAVE_DINPUT_H"
      cached: true
      stdout: |
        Change Dir: 'C:/Users/jonas/Downloads/rompecabezas-kinect-c/vcpkg_installed/vcpkg/blds/sdl2/x64-windows-rel/CMakeFiles/CMakeScratch/TryCompile-ox10b9'
        
        Run Build Command(s): "C:/Program Files/Microsoft Visual Studio/2022/Community/Common7/IDE/CommonExtensions/Microsoft/CMake/Ninja/ninja.exe" -v cmTC_b525e
        [1/2] C:\\PROGRA~1\\MIB055~1\\2022\\COMMUN~1\\VC\\Tools\\MSVC\\1444~1.352\\bin\\Hostx64\\x64\\cl.exe  /nologo   /nologo /DWIN32 /D_WINDOWS /utf-8 /MP   -D_GNU_SOURCE=1 /MDd /Z7 /Ob0 /Od /RTC1  -MDd /showIncludes /FoCMakeFiles\\cmTC_b525e.dir\\CheckIncludeFile.c.obj /FdCMakeFiles\\cmTC_b525e.dir\\ /FS -c C:\\Users\\jonas\\Downloads\\rompecabezas-kinect-c\\vcpkg_installed\\vcpkg\\blds\\sdl2\\x64-windows-rel\\CMakeFiles\\CMakeScratch\\TryCompile-ox10b9\\CheckIncludeFile.c
        C:\\Program Files (x86)\\Windows Kits\\10\\include\\10.0.26100.0\\um\\dinput.h: DIRECTINPUT_VERSION undefined. Defaulting to version 0x0800
        [2/2] C:\\WINDOWS\\system32\\cmd.exe /C "cd . && "C:\\Program Files\\Microsoft Visual Studio\\2022\\Community\\Common7\\IDE\\CommonExtensions\\Microsoft\\CMake\\CMake\\bin\\cmake.exe" -E vs_link_exe --msvc-ver=1944 --intdir=CMakeFiles\\cmTC_b525e.dir --rc=C:\\PROGRA~2\\WI3CF2~1\\10\\bin\\100261~1.0\\x64\\rc.exe --mt=C:\\PROGRA~2\\WI3CF2~1\\10\\bin\\100261~1.0\\x64\\mt.exe --manifests  -- C:\\PROGRA~1\\MIB055~1\\2022\\COMMUN~1\\VC\\Tools\\MSVC\\1444~1.352\\bin\\Hostx64\\x64\\link.exe /nologo CMakeFiles\\cmTC_b525e.dir\\CheckIncludeFile.c.obj  /out:cmTC_b525e.exe /implib:cmTC_b525e.lib /pdb:cmTC_b525e.pdb /version:0.0 /machine:x64  /nologo    /debug /INCREMENTAL /subsystem:console  kernel32.lib user32.lib gdi32.lib winspool.lib shell32.lib ole32.lib oleaut32.lib uuid.lib comdlg32.lib advapi32.lib && cd ."
        
      exitCode: 0
  -
    kind: "try_compile-v1"
    backtrace:
      - "C:/Program Files/Microsoft Visual Studio/2022/Community/Common7/IDE/CommonExtensions/Microsoft/CMake/CMake/share/cmake-3.31/Modules/CheckIncludeFile.cmake:99 (try_compile)"
      - "CMakeLists.txt:1837 (check_include_file)"
    checks:
      - "Looking for dxgi.h"
    directories:
      source: "C:/Users/jonas/Downloads/rompecabezas-kinect-c/vcpkg_installed/vcpkg/blds/sdl2/x64-windows-rel/CMakeFiles/CMakeScratch/TryCompile-2c7twx"
      binary: "C:/Users/jonas/Downloads/rompecabezas-kinect-c/vcpkg_installed/vcpkg/blds/sdl2/x64-windows-rel/CMakeFiles/CMakeScratch/TryCompile-2c7twx"
    cmakeVariables:
      CMAKE_C_FLAGS: " /nologo /DWIN32 /D_WINDOWS /utf-8 /MP "
      CMAKE_C_FLAGS_DEBUG: "/MDd /Z7 /Ob0 /Od /RTC1 "
      CMAKE_EXE_LINKER_FLAGS: "/machine:x64"
      CMAKE_MODULE_PATH: "C:/Users/jonas/Downloads/rompecabezas-kinect-c/vcpkg_installed/vcpkg/blds/sdl2/src/se-2.32.10-3b143ac573.clean/cmake"
      CMAKE_MSVC_DEBUG_INFORMATION_FORMAT: ""
      CMAKE_MSVC_RUNTIME_LIBRARY: "MultiThreaded$<$<CONFIG:Debug>:Debug>$<$<STREQUAL:dynamic,dynamic>:DLL>"
      VCPKG_CHAINLOAD_TOOLCHAIN_FILE: "C:/Program Files/Microsoft Visual Studio/2022/Community/VC/vcpkg/scripts/toolchains/windows.cmake"
      VCPKG_CRT_LINKAGE: "dynamic"
      VCPKG_CXX_FLAGS: ""
      VCPKG_CXX_FLAGS_DEBUG: ""
      VCPKG_CXX_FLAGS_RELEASE: ""
      VCPKG_C_FLAGS: ""
      VCPKG_C_FLAGS_DEBUG: ""
      VCPKG_C_FLAGS_RELEASE: ""
      VCPKG_INSTALLED_DIR: "C:/Users/jonas/Downloads/rompecabezas-kinect-c/vcpkg_installed"
      VCPKG_LINKER_FLAGS: ""
      VCPKG_LINKER_FLAGS_DEBUG: ""
      VCPKG_LINKER_FLAGS_RELEASE: ""
      VCPKG_PLATFORM_TOOLSET: "v143"
      VCPKG_PREFER_SYSTEM_LIBS: "OFF"
      VCPKG_SET_CHARSET_FLAG: "ON"
      VCPKG_TARGET_ARCHITECTURE: "x64"
      VCPKG_TARGET_TRIPLET: "x64-windows"
      Z_VCPKG_ROOT_DIR: "C:/Program Files/Microsoft Visual Studio/2022/Community/VC/vcpkg"
    buildResult:
      variable: "HAVE_DXGI_H"
      cached: true
      stdout: |
        Change Dir: 'C:/Users/jonas/Downloads/rompecabezas-kinect-c/vcpkg_installed/vcpkg/blds/sdl2/x64-windows-rel/CMakeFiles/CMakeScratch/TryCompile-2c7twx'
        
        Run Build Command(s): "C:/Program Files/Microsoft Visual Studio/2022/Community/Common7/IDE/CommonExtensions/Microsoft/CMake/Ninja/ninja.exe" -v cmTC_c435f
        [1/2] C:\\PROGRA~1\\MIB055~1\\2022\\COMMUN~1\\VC\\Tools\\MSVC\\1444~1.352\\bin\\Hostx64\\x64\\cl.exe  /nologo   /nologo /DWIN32 /D_WINDOWS /utf-8 /MP   -D_GNU_SOURCE=1 /MDd /Z7 /Ob0 /Od /RTC1  -MDd /showIncludes /FoCMakeFiles\\cmTC_c435f.dir\\CheckIncludeFile.c.obj /FdCMakeFiles\\cmTC_c435f.dir\\ /FS -c C:\\Users\\jonas\\Downloads\\rompecabezas-kinect-c\\vcpkg_installed\\vcpkg\\blds\\sdl2\\x64-windows-rel\\CMakeFiles\\CMakeScratch\\TryCompile-2c7twx\\CheckIncludeFile.c
        [2/2] C:\\WINDOWS\\system32\\cmd.exe /C "cd . && "C:\\Program Files\\Microsoft Visual Studio\\2022\\Community\\Common7\\IDE\\CommonExtensions\\Microsoft\\CMake\\CMake\\bin\\cmake.exe" -E vs_link_exe --msvc-ver=1944 --intdir=CMakeFiles\\cmTC_c435f.dir --rc=C:\\PROGRA~2\\WI3CF2~1\\10\\bin\\100261~1.0\\x64\\rc.exe --mt=C:\\PROGRA~2\\WI3CF2~1\\10\\bin\\100261~1.0\\x64\\mt.exe --manifests  -- C:\\PROGRA~1\\MIB055~1\\2022\\COMMUN~1\\VC\\Tools\\MSVC\\1444~1.352\\bin\\Hostx64\\x64\\link.exe /nologo CMakeFiles\\cmTC_c435f.dir\\CheckIncludeFile.c.obj  /out:cmTC_c435f.exe /implib:cmTC_c435f.lib /pdb:cmTC_c435f.pdb /version:0.0 /machine:x64  /nologo    /debug /INCREMENTAL /subsystem:console  kernel32.lib user32.lib gdi32.lib winspool.lib shell32.lib ole32.lib oleaut32.lib uuid.lib comdlg32.lib advapi32.lib && cd ."
        
      exitCode: 0
  -
    kind: "try_compile-v1"
    backtrace:
      - "C:/Program Files/Microsoft Visual Studio/2022/Community/Common7/IDE/CommonExtensions/Microsoft/CMake/CMake/share/cmake-3.31/Modules/Internal/CheckSourceCompiles.cmake:108 (try_compile)"
      - "C:/Program Files/Microsoft Visual Studio/2022/Community/Common7/IDE/CommonExtensions/Microsoft/CMake/CMake/share/cmake-3.31/Modules/CheckCSourceCompiles.cmake:58 (cmake_check_source_compiles)"
      - "CMakeLists.txt:1853 (check_c_source_compiles)"
    checks:
      - "Performing Test HAVE_XINPUT_H"
    directories:
      source: "C:/Users/jonas/Downloads/rompecabezas-kinect-c/vcpkg_installed/vcpkg/blds/sdl2/x64-windows-rel/CMakeFiles/CMakeScratch/TryCompile-2pfssi"
      binary: "C:/Users/jonas/Downloads/rompecabezas-kinect-c/vcpkg_installed/vcpkg/blds/sdl2/x64-windows-rel/CMakeFiles/CMakeScratch/TryCompile-2pfssi"
    cmakeVariables:
      CMAKE_C_FLAGS: " /nologo /DWIN32 /D_WINDOWS /utf-8 /MP "
      CMAKE_C_FLAGS_DEBUG: "/MDd /Z7 /Ob0 /Od /RTC1 "
      CMAKE_EXE_LINKER_FLAGS: "/machine:x64"
      CMAKE_MODULE_PATH: "C:/Users/jonas/Downloads/rompecabezas-kinect-c/vcpkg_installed/vcpkg/blds/sdl2/src/se-2.32.10-3b143ac573.clean/cmake"
      CMAKE_MSVC_DEBUG_INFORMATION_FORMAT: ""
      CMAKE_MSVC_RUNTIME_LIBRARY: "MultiThreaded$<$<CONFIG:Debug>:Debug>$<$<STREQUAL:dynamic,dynamic>:DLL>"
      VCPKG_CHAINLOAD_TOOLCHAIN_FILE: "C:/Program Files/Microsoft Visual Studio/2022/Community/VC/vcpkg/scripts/toolchains/windows.cmake"
      VCPKG_CRT_LINKAGE: "dynamic"
      VCPKG_CXX_FLAGS: ""
      VCPKG_CXX_FLAGS_DEBUG: ""
      VCPKG_CXX_FLAGS_RELEASE: ""
      VCPKG_C_FLAGS: ""
      VCPKG_C_FLAGS_DEBUG: ""
      VCPKG_C_FLAGS_RELEASE: ""
      VCPKG_INSTALLED_DIR: "C:/Users/jonas/Downloads/rompecabezas-kinect-c/vcpkg_installed"
      VCPKG_LINKER_FLAGS: ""
      VCPKG_LINKER_FLAGS_DEBUG: ""
      VCPKG_LINKER_FLAGS_RELEASE: ""
      VCPKG_PLATFORM_TOOLSET: "v143"
      VCPKG_PREFER_SYSTEM_LIBS: "OFF"
      VCPKG_SET_CHARSET_FLAG: "ON"
      VCPKG_TARGET_ARCHITECTURE: "x64"
      VCPKG_TARGET_TRIPLET: "x64-windows"
      Z_VCPKG_ROOT_DIR: "C:/Program Files/Microsoft Visual Studio/2022/Community/VC/vcpkg"
    buildResult:
      variable: "HAVE_XINPUT_H"
      cached: true
      stdout: |
        Change Dir: 'C:/Users/jonas/Downloads/rompecabezas-kinect-c/vcpkg_installed/vcpkg/blds/sdl2/x64-windows-rel/CMakeFiles/CMakeScratch/TryCompile-2pfssi'
        
        Run Build Command(s): "C:/Program Files/Microsoft Visual Studio/2022/Community/Common7/IDE/CommonExtensions/Microsoft/CMake/Ninja/ninja.exe" -v cmTC_6ac15
        [1/2] C:\\PROGRA~1\\MIB055~1\\2022\\COMMUN~1\\VC\\Tools\\MSVC\\1444~1.352\\bin\\Hostx64\\x64\\cl.exe  /nologo -DHAVE_XINPUT_H  /nologo /DWIN32 /D_WINDOWS /utf-8 /MP   -D_GNU_SOURCE=1 /MDd /Z7 /Ob0 /Od /RTC1  -MDd /showIncludes /FoCMakeFiles\\cmTC_6ac15.dir\\src.c.obj /FdCMakeFiles\\cmTC_6ac15.dir\\ /FS -c C:\\Users\\jonas\\Downloads\\rompecabezas-kinect-c\\vcpkg_installed\\vcpkg\\blds\\sdl2\\x64-windows-rel\\CMakeFiles\\CMakeScratch\\TryCompile-2pfssi\\src.c
        [2/2] C:\\WINDOWS\\system32\\cmd.exe /C "cd . && "C:\\Program Files\\Microsoft Visual Studio\\2022\\Community\\Common7\\IDE\\CommonExtensions\\Microsoft\\CMake\\CMake\\bin\\cmake.exe" -E vs_link_exe --msvc-ver=1944 --intdir=CMakeFiles\\cmTC_6ac15.dir --rc=C:\\PROGRA~2\\WI3CF2~1\\10\\bin\\100261~1.0\\x64\\rc.exe --mt=C:\\PROGRA~2\\WI3CF2~1\\10\\bin\\100261~1.0\\x64\\mt.exe --manifests  -- C:\\PROGRA~1\\MIB055~1\\2022\\COMMUN~1\\VC\\Tools\\MSVC\\1444~1.352\\bin\\Hostx64\\x64\\link.exe /nologo CMakeFiles\\cmTC_6ac15.dir\\src.c.obj  /out:cmTC_6ac15.exe /implib:cmTC_6ac15.lib /pdb:cmTC_6ac15.pdb /version:0.0 /machine:x64  /nologo    /debug /INCREMENTAL /subsystem:console  kernel32.lib user32.lib gdi32.lib winspool.lib shell32.lib ole32.lib oleaut32.lib uuid.lib comdlg32.lib advapi32.lib && cd ."
        
      exitCode: 0
  -
    kind: "try_compile-v1"
    backtrace:
      - "C:/Program Files/Microsoft Visual Studio/2022/Community/Common7/IDE/CommonExtensions/Microsoft/CMake/CMake/share/cmake-3.31/Modules/Internal/CheckSourceCompiles.cmake:108 (try_compile)"
      - "C:/Program Files/Microsoft Visual Studio/2022/Community/Common7/IDE/CommonExtensions/Microsoft/CMake/CMake/share/cmake-3.31/Modules/CheckCSourceCompiles.cmake:58 (cmake_check_source_compiles)"
      - "CMakeLists.txt:1857 (check_c_source_compiles)"
    checks:
      - "Performing Test HAVE_WINDOWS_GAMING_INPUT_H"
    directories:
      source: "C:/Users/jonas/Downloads/rompecabezas-kinect-c/vcpkg_installed/vcpkg/blds/sdl2/x64-windows-rel/CMakeFiles/CMakeScratch/TryCompile-rhuaor"
      binary: "C:/Users/jonas/Downloads/rompecabezas-kinect-c/vcpkg_installed/vcpkg/blds/sdl2/x64-windows-rel/CMakeFiles/CMakeScratch/TryCompile-rhuaor"
    cmakeVariables:
      CMAKE_C_FLAGS: " /nologo /DWIN32 /D_WINDOWS /utf-8 /MP "
      CMAKE_C_FLAGS_DEBUG: "/MDd /Z7 /Ob0 /Od /RTC1 "
      CMAKE_EXE_LINKER_FLAGS: "/machine:x64"
      CMAKE_MODULE_PATH: "C:/Users/jonas/Downloads/rompecabezas-kinect-c/vcpkg_installed/vcpkg/blds/sdl2/src/se-2.32.10-3b143ac573.clean/cmake"
      CMAKE_MSVC_DEBUG_INFORMATION_FORMAT: ""
      CMAKE_MSVC_RUNTIME_LIBRARY: "MultiThreaded$<$<CONFIG:Debug>:Debug>$<$<STREQUAL:dynamic,dynamic>:DLL>"
      VCPKG_CHAINLOAD_TOOLCHAIN_FILE: "C:/Program Files/Microsoft Visual Studio/2022/Community/VC/vcpkg/scripts/toolchains/windows.cmake"
      VCPKG_CRT_LINKAGE: "dynamic"
      VCPKG_CXX_FLAGS: ""
      VCPKG_CXX_FLAGS_DEBUG: ""
      VCPKG_CXX_FLAGS_RELEASE: ""
      VCPKG_C_FLAGS: ""
      VCPKG_C_FLAGS_DEBUG: ""
      VCPKG_C_FLAGS_RELEASE: ""
      VCPKG_INSTALLED_DIR: "C:/Users/jonas/Downloads/rompecabezas-kinect-c/vcpkg_installed"
      VCPKG_LINKER_FLAGS: ""
      VCPKG_LINKER_FLAGS_DEBUG: ""
      VCPKG_LINKER_FLAGS_RELEASE: ""
      VCPKG_PLATFORM_TOOLSET: "v143"
      VCPKG_PREFER_SYSTEM_LIBS: "OFF"
      VCPKG_SET_CHARSET_FLAG: "ON"
      VCPKG_TARGET_ARCHITECTURE: "x64"
      VCPKG_TARGET_TRIPLET: "x64-windows"
      Z_VCPKG_ROOT_DIR: "C:/Program Files/Microsoft Visual Studio/2022/Community/VC/vcpkg"
    buildResult:
      variable: "HAVE_WINDOWS_GAMING_INPUT_H"
      cached: true
      stdout: |
        Change Dir: 'C:/Users/jonas/Downloads/rompecabezas-kinect-c/vcpkg_installed/vcpkg/blds/sdl2/x64-windows-rel/CMakeFiles/CMakeScratch/TryCompile-rhuaor'
        
        Run Build Command(s): "C:/Program Files/Microsoft Visual Studio/2022/Community/Common7/IDE/CommonExtensions/Microsoft/CMake/Ninja/ninja.exe" -v cmTC_30094
        [1/2] C:\\PROGRA~1\\MIB055~1\\2022\\COMMUN~1\\VC\\Tools\\MSVC\\1444~1.352\\bin\\Hostx64\\x64\\cl.exe  /nologo -DHAVE_WINDOWS_GAMING_INPUT_H  /nologo /DWIN32 /D_WINDOWS /utf-8 /MP   -D_GNU_SOURCE=1 /MDd /Z7 /Ob0 /Od /RTC1  -MDd /showIncludes /FoCMakeFiles\\cmTC_30094.dir\\src.c.obj /FdCMakeFiles\\cmTC_30094.dir\\ /FS -c C:\\Users\\jonas\\Downloads\\rompecabezas-kinect-c\\vcpkg_installed\\vcpkg\\blds\\sdl2\\x64-windows-rel\\CMakeFiles\\CMakeScratch\\TryCompile-rhuaor\\src.c
        [2/2] C:\\WINDOWS\\system32\\cmd.exe /C "cd . && "C:\\Program Files\\Microsoft Visual Studio\\2022\\Community\\Common7\\IDE\\CommonExtensions\\Microsoft\\CMake\\CMake\\bin\\cmake.exe" -E vs_link_exe --msvc-ver=1944 --intdir=CMakeFiles\\cmTC_30094.dir --rc=C:\\PROGRA~2\\WI3CF2~1\\10\\bin\\100261~1.0\\x64\\rc.exe --mt=C:\\PROGRA~2\\WI3CF2~1\\10\\bin\\100261~1.0\\x64\\mt.exe --manifests  -- C:\\PROGRA~1\\MIB055~1\\2022\\COMMUN~1\\VC\\Tools\\MSVC\\1444~1.352\\bin\\Hostx64\\x64\\link.exe /nologo CMakeFiles\\cmTC_30094.dir\\src.c.obj  /out:cmTC_30094.exe /implib:cmTC_30094.lib /pdb:cmTC_30094.pdb /version:0.0 /machine:x64  /nologo    /debug /INCREMENTAL /subsystem:console  kernel32.lib user32.lib gdi32.lib winspool.lib shell32.lib ole32.lib oleaut32.lib uuid.lib comdlg32.lib advapi32.lib && cd ."
        
      exitCode: 0
  -
    kind: "try_compile-v1"
    backtrace:
      - "C:/Program Files/Microsoft Visual Studio/2022/Community/Common7/IDE/CommonExtensions/Microsoft/CMake/CMake/share/cmake-3.31/Modules/CheckIncludeFile.cmake:99 (try_compile)"
      - "CMakeLists.txt:1865 (check_include_file)"
    checks:
      - "Looking for tpcshrd.h"
    directories:
      source: "C:/Users/jonas/Downloads/rompecabezas-kinect-c/vcpkg_installed/vcpkg/blds/sdl2/x64-windows-rel/CMakeFiles/CMakeScratch/TryCompile-lvjs47"
      binary: "C:/Users/jonas/Downloads/rompecabezas-kinect-c/vcpkg_installed/vcpkg/blds/sdl2/x64-windows-rel/CMakeFiles/CMakeScratch/TryCompile-lvjs47"
    cmakeVariables:
      CMAKE_C_FLAGS: " /nologo /DWIN32 /D_WINDOWS /utf-8 /MP "
      CMAKE_C_FLAGS_DEBUG: "/MDd /Z7 /Ob0 /Od /RTC1 "
      CMAKE_EXE_LINKER_FLAGS: "/machine:x64"
      CMAKE_MODULE_PATH: "C:/Users/jonas/Downloads/rompecabezas-kinect-c/vcpkg_installed/vcpkg/blds/sdl2/src/se-2.32.10-3b143ac573.clean/cmake"
      CMAKE_MSVC_DEBUG_INFORMATION_FORMAT: ""
      CMAKE_MSVC_RUNTIME_LIBRARY: "MultiThreaded$<$<CONFIG:Debug>:Debug>$<$<STREQUAL:dynamic,dynamic>:DLL>"
      VCPKG_CHAINLOAD_TOOLCHAIN_FILE: "C:/Program Files/Microsoft Visual Studio/2022/Community/VC/vcpkg/scripts/toolchains/windows.cmake"
      VCPKG_CRT_LINKAGE: "dynamic"
      VCPKG_CXX_FLAGS: ""
      VCPKG_CXX_FLAGS_DEBUG: ""
      VCPKG_CXX_FLAGS_RELEASE: ""
      VCPKG_C_FLAGS: ""
      VCPKG_C_FLAGS_DEBUG: ""
      VCPKG_C_FLAGS_RELEASE: ""
      VCPKG_INSTALLED_DIR: "C:/Users/jonas/Downloads/rompecabezas-kinect-c/vcpkg_installed"
      VCPKG_LINKER_FLAGS: ""
      VCPKG_LINKER_FLAGS_DEBUG: ""
      VCPKG_LINKER_FLAGS_RELEASE: ""
      VCPKG_PLATFORM_TOOLSET: "v143"
      VCPKG_PREFER_SYSTEM_LIBS: "OFF"
      VCPKG_SET_CHARSET_FLAG: "ON"
      VCPKG_TARGET_ARCHITECTURE: "x64"
      VCPKG_TARGET_TRIPLET: "x64-windows"
      Z_VCPKG_ROOT_DIR: "C:/Program Files/Microsoft Visual Studio/2022/Community/VC/vcpkg"
    buildResult:
      variable: "HAVE_TPCSHRD_H"
      cached: true
      stdout: |
        Change Dir: 'C:/Users/jonas/Downloads/rompecabezas-kinect-c/vcpkg_installed/vcpkg/blds/sdl2/x64-windows-rel/CMakeFiles/CMakeScratch/TryCompile-lvjs47'
        
        Run Build Command(s): "C:/Program Files/Microsoft Visual Studio/2022/Community/Common7/IDE/CommonExtensions/Microsoft/CMake/Ninja/ninja.exe" -v cmTC_7d1ab
        [1/2] C:\\PROGRA~1\\MIB055~1\\2022\\COMMUN~1\\VC\\Tools\\MSVC\\1444~1.352\\bin\\Hostx64\\x64\\cl.exe  /nologo   /nologo /DWIN32 /D_WINDOWS /utf-8 /MP   -D_GNU_SOURCE=1 /MDd /Z7 /Ob0 /Od /RTC1  -MDd /showIncludes /FoCMakeFiles\\cmTC_7d1ab.dir\\CheckIncludeFile.c.obj /FdCMakeFiles\\cmTC_7d1ab.dir\\ /FS -c C:\\Users\\jonas\\Downloads\\rompecabezas-kinect-c\\vcpkg_installed\\vcpkg\\blds\\sdl2\\x64-windows-rel\\CMakeFiles\\CMakeScratch\\TryCompile-lvjs47\\CheckIncludeFile.c
        [2/2] C:\\WINDOWS\\system32\\cmd.exe /C "cd . && "C:\\Program Files\\Microsoft Visual Studio\\2022\\Community\\Common7\\IDE\\CommonExtensions\\Microsoft\\CMake\\CMake\\bin\\cmake.exe" -E vs_link_exe --msvc-ver=1944 --intdir=CMakeFiles\\cmTC_7d1ab.dir --rc=C:\\PROGRA~2\\WI3CF2~1\\10\\bin\\100261~1.0\\x64\\rc.exe --mt=C:\\PROGRA~2\\WI3CF2~1\\10\\bin\\100261~1.0\\x64\\mt.exe --manifests  -- C:\\PROGRA~1\\MIB055~1\\2022\\COMMUN~1\\VC\\Tools\\MSVC\\1444~1.352\\bin\\Hostx64\\x64\\link.exe /nologo CMakeFiles\\cmTC_7d1ab.dir\\CheckIncludeFile.c.obj  /out:cmTC_7d1ab.exe /implib:cmTC_7d1ab.lib /pdb:cmTC_7d1ab.pdb /version:0.0 /machine:x64  /nologo    /debug /INCREMENTAL /subsystem:console  kernel32.lib user32.lib gdi32.lib winspool.lib shell32.lib ole32.lib oleaut32.lib uuid.lib comdlg32.lib advapi32.lib && cd ."
        
      exitCode: 0
  -
    kind: "try_compile-v1"
    backtrace:
      - "C:/Program Files/Microsoft Visual Studio/2022/Community/Common7/IDE/CommonExtensions/Microsoft/CMake/CMake/share/cmake-3.31/Modules/CheckIncludeFile.cmake:99 (try_compile)"
      - "CMakeLists.txt:1866 (check_include_file)"
    checks:
      - "Looking for roapi.h"
    directories:
      source: "C:/Users/jonas/Downloads/rompecabezas-kinect-c/vcpkg_installed/vcpkg/blds/sdl2/x64-windows-rel/CMakeFiles/CMakeScratch/TryCompile-9cgjnq"
      binary: "C:/Users/jonas/Downloads/rompecabezas-kinect-c/vcpkg_installed/vcpkg/blds/sdl2/x64-windows-rel/CMakeFiles/CMakeScratch/TryCompile-9cgjnq"
    cmakeVariables:
      CMAKE_C_FLAGS: " /nologo /DWIN32 /D_WINDOWS /utf-8 /MP "
      CMAKE_C_FLAGS_DEBUG: "/MDd /Z7 /Ob0 /Od /RTC1 "
      CMAKE_EXE_LINKER_FLAGS: "/machine:x64"
      CMAKE_MODULE_PATH: "C:/Users/jonas/Downloads/rompecabezas-kinect-c/vcpkg_installed/vcpkg/blds/sdl2/src/se-2.32.10-3b143ac573.clean/cmake"
      CMAKE_MSVC_DEBUG_INFORMATION_FORMAT: ""
      CMAKE_MSVC_RUNTIME_LIBRARY: "MultiThreaded$<$<CONFIG:Debug>:Debug>$<$<STREQUAL:dynamic,dynamic>:DLL>"
      VCPKG_CHAINLOAD_TOOLCHAIN_FILE: "C:/Program Files/Microsoft Visual Studio/2022/Community/VC/vcpkg/scripts/toolchains/windows.cmake"
      VCPKG_CRT_LINKAGE: "dynamic"
      VCPKG_CXX_FLAGS: ""
      VCPKG_CXX_FLAGS_DEBUG: ""
      VCPKG_CXX_FLAGS_RELEASE: ""
      VCPKG_C_FLAGS: ""
      VCPKG_C_FLAGS_DEBUG: ""
      VCPKG_C_FLAGS_RELEASE: ""
      VCPKG_INSTALLED_DIR: "C:/Users/jonas/Downloads/rompecabezas-kinect-c/vcpkg_installed"
      VCPKG_LINKER_FLAGS: ""
      VCPKG_LINKER_FLAGS_DEBUG: ""
      VCPKG_LINKER_FLAGS_RELEASE: ""
      VCPKG_PLATFORM_TOOLSET: "v143"
      VCPKG_PREFER_SYSTEM_LIBS: "OFF"
      VCPKG_SET_CHARSET_FLAG: "ON"
      VCPKG_TARGET_ARCHITECTURE: "x64"
      VCPKG_TARGET_TRIPLET: "x64-windows"
      Z_VCPKG_ROOT_DIR: "C:/Program Files/Microsoft Visual Studio/2022/Community/VC/vcpkg"
    buildResult:
      variable: "HAVE_ROAPI_H"
      cached: true
      stdout: |
        Change Dir: 'C:/Users/jonas/Downloads/rompecabezas-kinect-c/vcpkg_installed/vcpkg/blds/sdl2/x64-windows-rel/CMakeFiles/CMakeScratch/TryCompile-9cgjnq'
        
        Run Build Command(s): "C:/Program Files/Microsoft Visual Studio/2022/Community/Common7/IDE/CommonExtensions/Microsoft/CMake/Ninja/ninja.exe" -v cmTC_5ecd8
        [1/2] C:\\PROGRA~1\\MIB055~1\\2022\\COMMUN~1\\VC\\Tools\\MSVC\\1444~1.352\\bin\\Hostx64\\x64\\cl.exe  /nologo   /nologo /DWIN32 /D_WINDOWS /utf-8 /MP   -D_GNU_SOURCE=1 /MDd /Z7 /Ob0 /Od /RTC1  -MDd /showIncludes /FoCMakeFiles\\cmTC_5ecd8.dir\\CheckIncludeFile.c.obj /FdCMakeFiles\\cmTC_5ecd8.dir\\ /FS -c C:\\Users\\jonas\\Downloads\\rompecabezas-kinect-c\\vcpkg_installed\\vcpkg\\blds\\sdl2\\x64-windows-rel\\CMakeFiles\\CMakeScratch\\TryCompile-9cgjnq\\CheckIncludeFile.c
        [2/2] C:\\WINDOWS\\system32\\cmd.exe /C "cd . && "C:\\Program Files\\Microsoft Visual Studio\\2022\\Community\\Common7\\IDE\\CommonExtensions\\Microsoft\\CMake\\CMake\\bin\\cmake.exe" -E vs_link_exe --msvc-ver=1944 --intdir=CMakeFiles\\cmTC_5ecd8.dir --rc=C:\\PROGRA~2\\WI3CF2~1\\10\\bin\\100261~1.0\\x64\\rc.exe --mt=C:\\PROGRA~2\\WI3CF2~1\\10\\bin\\100261~1.0\\x64\\mt.exe --manifests  -- C:\\PROGRA~1\\MIB055~1\\2022\\COMMUN~1\\VC\\Tools\\MSVC\\1444~1.352\\bin\\Hostx64\\x64\\link.exe /nologo CMakeFiles\\cmTC_5ecd8.dir\\CheckIncludeFile.c.obj  /out:cmTC_5ecd8.exe /implib:cmTC_5ecd8.lib /pdb:cmTC_5ecd8.pdb /version:0.0 /machine:x64  /nologo    /debug /INCREMENTAL /subsystem:console  kernel32.lib user32.lib gdi32.lib winspool.lib shell32.lib ole32.lib oleaut32.lib uuid.lib comdlg32.lib advapi32.lib && cd ."
        
      exitCode: 0
  -
    kind: "try_compile-v1"
    backtrace:
      - "C:/Program Files/Microsoft Visual Studio/2022/Community/Common7/IDE/CommonExtensions/Microsoft/CMake/CMake/share/cmake-3.31/Modules/CheckIncludeFile.cmake:99 (try_compile)"
      - "CMakeLists.txt:1867 (check_include_file)"
    checks:
      - "Looking for mmdeviceapi.h"
    directories:
      source: "C:/Users/jonas/Downloads/rompecabezas-kinect-c/vcpkg_installed/vcpkg/blds/sdl2/x64-windows-rel/CMakeFiles/CMakeScratch/TryCompile-x4xoje"
      binary: "C:/Users/jonas/Downloads/rompecabezas-kinect-c/vcpkg_installed/vcpkg/blds/sdl2/x64-windows-rel/CMakeFiles/CMakeScratch/TryCompile-x4xoje"
    cmakeVariables:
      CMAKE_C_FLAGS: " /nologo /DWIN32 /D_WINDOWS /utf-8 /MP "
      CMAKE_C_FLAGS_DEBUG: "/MDd /Z7 /Ob0 /Od /RTC1 "
      CMAKE_EXE_LINKER_FLAGS: "/machine:x64"
      CMAKE_MODULE_PATH: "C:/Users/jonas/Downloads/rompecabezas-kinect-c/vcpkg_installed/vcpkg/blds/sdl2/src/se-2.32.10-3b143ac573.clean/cmake"
      CMAKE_MSVC_DEBUG_INFORMATION_FORMAT: ""
      CMAKE_MSVC_RUNTIME_LIBRARY: "MultiThreaded$<$<CONFIG:Debug>:Debug>$<$<STREQUAL:dynamic,dynamic>:DLL>"
      VCPKG_CHAINLOAD_TOOLCHAIN_FILE: "C:/Program Files/Microsoft Visual Studio/2022/Community/VC/vcpkg/scripts/toolchains/windows.cmake"
      VCPKG_CRT_LINKAGE: "dynamic"
      VCPKG_CXX_FLAGS: ""
      VCPKG_CXX_FLAGS_DEBUG: ""
      VCPKG_CXX_FLAGS_RELEASE: ""
      VCPKG_C_FLAGS: ""
      VCPKG_C_FLAGS_DEBUG: ""
      VCPKG_C_FLAGS_RELEASE: ""
      VCPKG_INSTALLED_DIR: "C:/Users/jonas/Downloads/rompecabezas-kinect-c/vcpkg_installed"
      VCPKG_LINKER_FLAGS: ""
      VCPKG_LINKER_FLAGS_DEBUG: ""
      VCPKG_LINKER_FLAGS_RELEASE: ""
      VCPKG_PLATFORM_TOOLSET: "v143"
      VCPKG_PREFER_SYSTEM_LIBS: "OFF"
      VCPKG_SET_CHARSET_FLAG: "ON"
      VCPKG_TARGET_ARCHITECTURE: "x64"
      VCPKG_TARGET_TRIPLET: "x64-windows"
      Z_VCPKG_ROOT_DIR: "C:/Program Files/Microsoft Visual Studio/2022/Community/VC/vcpkg"
    buildResult:
      variable: "HAVE_MMDEVICEAPI_H"
      cached: true
      stdout: |
        Change Dir: 'C:/Users/jonas/Downloads/rompecabezas-kinect-c/vcpkg_installed/vcpkg/blds/sdl2/x64-windows-rel/CMakeFiles/CMakeScratch/TryCompile-x4xoje'
        
        Run Build Command(s): "C:/Program Files/Microsoft Visual Studio/2022/Community/Common7/IDE/CommonExtensions/Microsoft/CMake/Ninja/ninja.exe" -v cmTC_a8862
        [1/2] C:\\PROGRA~1\\MIB055~1\\2022\\COMMUN~1\\VC\\Tools\\MSVC\\1444~1.352\\bin\\Hostx64\\x64\\cl.exe  /nologo   /nologo /DWIN32 /D_WINDOWS /utf-8 /MP   -D_GNU_SOURCE=1 /MDd /Z7 /Ob0 /Od /RTC1  -MDd /showIncludes /FoCMakeFiles\\cmTC_a8862.dir\\CheckIncludeFile.c.obj /FdCMakeFiles\\cmTC_a8862.dir\\ /FS -c C:\\Users\\jonas\\Downloads\\rompecabezas-kinect-c\\vcpkg_installed\\vcpkg\\blds\\sdl2\\x64-windows-rel\\CMakeFiles\\CMakeScratch\\TryCompile-x4xoje\\CheckIncludeFile.c
        [2/2] C:\\WINDOWS\\system32\\cmd.exe /C "cd . && "C:\\Program Files\\Microsoft Visual Studio\\2022\\Community\\Common7\\IDE\\CommonExtensions\\Microsoft\\CMake\\CMake\\bin\\cmake.exe" -E vs_link_exe --msvc-ver=1944 --intdir=CMakeFiles\\cmTC_a8862.dir --rc=C:\\PROGRA~2\\WI3CF2~1\\10\\bin\\100261~1.0\\x64\\rc.exe --mt=C:\\PROGRA~2\\WI3CF2~1\\10\\bin\\100261~1.0\\x64\\mt.exe --manifests  -- C:\\PROGRA~1\\MIB055~1\\2022\\COMMUN~1\\VC\\Tools\\MSVC\\1444~1.352\\bin\\Hostx64\\x64\\link.exe /nologo CMakeFiles\\cmTC_a8862.dir\\CheckIncludeFile.c.obj  /out:cmTC_a8862.exe /implib:cmTC_a8862.lib /pdb:cmTC_a8862.pdb /version:0.0 /machine:x64  /nologo    /debug /INCREMENTAL /subsystem:console  kernel32.lib user32.lib gdi32.lib winspool.lib shell32.lib ole32.lib oleaut32.lib uuid.lib comdlg32.lib advapi32.lib && cd ."
        
      exitCode: 0
  -
    kind: "try_compile-v1"
    backtrace:
      - "C:/Program Files/Microsoft Visual Studio/2022/Community/Common7/IDE/CommonExtensions/Microsoft/CMake/CMake/share/cmake-3.31/Modules/CheckIncludeFile.cmake:99 (try_compile)"
      - "CMakeLists.txt:1868 (check_include_file)"
    checks:
      - "Looking for audioclient.h"
    directories:
      source: "C:/Users/jonas/Downloads/rompecabezas-kinect-c/vcpkg_installed/vcpkg/blds/sdl2/x64-windows-rel/CMakeFiles/CMakeScratch/TryCompile-iev7ro"
      binary: "C:/Users/jonas/Downloads/rompecabezas-kinect-c/vcpkg_installed/vcpkg/blds/sdl2/x64-windows-rel/CMakeFiles/CMakeScratch/TryCompile-iev7ro"
    cmakeVariables:
      CMAKE_C_FLAGS: " /nologo /DWIN32 /D_WINDOWS /utf-8 /MP "
      CMAKE_C_FLAGS_DEBUG: "/MDd /Z7 /Ob0 /Od /RTC1 "
      CMAKE_EXE_LINKER_FLAGS: "/machine:x64"
      CMAKE_MODULE_PATH: "C:/Users/jonas/Downloads/rompecabezas-kinect-c/vcpkg_installed/vcpkg/blds/sdl2/src/se-2.32.10-3b143ac573.clean/cmake"
      CMAKE_MSVC_DEBUG_INFORMATION_FORMAT: ""
      CMAKE_MSVC_RUNTIME_LIBRARY: "MultiThreaded$<$<CONFIG:Debug>:Debug>$<$<STREQUAL:dynamic,dynamic>:DLL>"
      VCPKG_CHAINLOAD_TOOLCHAIN_FILE: "C:/Program Files/Microsoft Visual Studio/2022/Community/VC/vcpkg/scripts/toolchains/windows.cmake"
      VCPKG_CRT_LINKAGE: "dynamic"
      VCPKG_CXX_FLAGS: ""
      VCPKG_CXX_FLAGS_DEBUG: ""
      VCPKG_CXX_FLAGS_RELEASE: ""
      VCPKG_C_FLAGS: ""
      VCPKG_C_FLAGS_DEBUG: ""
      VCPKG_C_FLAGS_RELEASE: ""
      VCPKG_INSTALLED_DIR: "C:/Users/jonas/Downloads/rompecabezas-kinect-c/vcpkg_installed"
      VCPKG_LINKER_FLAGS: ""
      VCPKG_LINKER_FLAGS_DEBUG: ""
      VCPKG_LINKER_FLAGS_RELEASE: ""
      VCPKG_PLATFORM_TOOLSET: "v143"
      VCPKG_PREFER_SYSTEM_LIBS: "OFF"
      VCPKG_SET_CHARSET_FLAG: "ON"
      VCPKG_TARGET_ARCHITECTURE: "x64"
      VCPKG_TARGET_TRIPLET: "x64-windows"
      Z_VCPKG_ROOT_DIR: "C:/Program Files/Microsoft Visual Studio/2022/Community/VC/vcpkg"
    buildResult:
      variable: "HAVE_AUDIOCLIENT_H"
      cached: true
      stdout: |
        Change Dir: 'C:/Users/jonas/Downloads/rompecabezas-kinect-c/vcpkg_installed/vcpkg/blds/sdl2/x64-windows-rel/CMakeFiles/CMakeScratch/TryCompile-iev7ro'
        
        Run Build Command(s): "C:/Program Files/Microsoft Visual Studio/2022/Community/Common7/IDE/CommonExtensions/Microsoft/CMake/Ninja/ninja.exe" -v cmTC_1afc7
        [1/2] C:\\PROGRA~1\\MIB055~1\\2022\\COMMUN~1\\VC\\Tools\\MSVC\\1444~1.352\\bin\\Hostx64\\x64\\cl.exe  /nologo   /nologo /DWIN32 /D_WINDOWS /utf-8 /MP   -D_GNU_SOURCE=1 /MDd /Z7 /Ob0 /Od /RTC1  -MDd /showIncludes /FoCMakeFiles\\cmTC_1afc7.dir\\CheckIncludeFile.c.obj /FdCMakeFiles\\cmTC_1afc7.dir\\ /FS -c C:\\Users\\jonas\\Downloads\\rompecabezas-kinect-c\\vcpkg_installed\\vcpkg\\blds\\sdl2\\x64-windows-rel\\CMakeFiles\\CMakeScratch\\TryCompile-iev7ro\\CheckIncludeFile.c
        [2/2] C:\\WINDOWS\\system32\\cmd.exe /C "cd . && "C:\\Program Files\\Microsoft Visual Studio\\2022\\Community\\Common7\\IDE\\CommonExtensions\\Microsoft\\CMake\\CMake\\bin\\cmake.exe" -E vs_link_exe --msvc-ver=1944 --intdir=CMakeFiles\\cmTC_1afc7.dir --rc=C:\\PROGRA~2\\WI3CF2~1\\10\\bin\\100261~1.0\\x64\\rc.exe --mt=C:\\PROGRA~2\\WI3CF2~1\\10\\bin\\100261~1.0\\x64\\mt.exe --manifests  -- C:\\PROGRA~1\\MIB055~1\\2022\\COMMUN~1\\VC\\Tools\\MSVC\\1444~1.352\\bin\\Hostx64\\x64\\link.exe /nologo CMakeFiles\\cmTC_1afc7.dir\\CheckIncludeFile.c.obj  /out:cmTC_1afc7.exe /implib:cmTC_1afc7.lib /pdb:cmTC_1afc7.pdb /version:0.0 /machine:x64  /nologo    /debug /INCREMENTAL /subsystem:console  kernel32.lib user32.lib gdi32.lib winspool.lib shell32.lib ole32.lib oleaut32.lib uuid.lib comdlg32.lib advapi32.lib && cd ."
        
      exitCode: 0
  -
    kind: "try_compile-v1"
    backtrace:
      - "C:/Program Files/Microsoft Visual Studio/2022/Community/Common7/IDE/CommonExtensions/Microsoft/CMake/CMake/share/cmake-3.31/Modules/CheckIncludeFile.cmake:99 (try_compile)"
      - "CMakeLists.txt:1869 (check_include_file)"
    checks:
      - "Looking for sensorsapi.h"
    directories:
      source: "C:/Users/jonas/Downloads/rompecabezas-kinect-c/vcpkg_installed/vcpkg/blds/sdl2/x64-windows-rel/CMakeFiles/CMakeScratch/TryCompile-w8ivgb"
      binary: "C:/Users/jonas/Downloads/rompecabezas-kinect-c/vcpkg_installed/vcpkg/blds/sdl2/x64-windows-rel/CMakeFiles/CMakeScratch/TryCompile-w8ivgb"
    cmakeVariables:
      CMAKE_C_FLAGS: " /nologo /DWIN32 /D_WINDOWS /utf-8 /MP "
      CMAKE_C_FLAGS_DEBUG: "/MDd /Z7 /Ob0 /Od /RTC1 "
      CMAKE_EXE_LINKER_FLAGS: "/machine:x64"
      CMAKE_MODULE_PATH: "C:/Users/jonas/Downloads/rompecabezas-kinect-c/vcpkg_installed/vcpkg/blds/sdl2/src/se-2.32.10-3b143ac573.clean/cmake"
      CMAKE_MSVC_DEBUG_INFORMATION_FORMAT: ""
      CMAKE_MSVC_RUNTIME_LIBRARY: "MultiThreaded$<$<CONFIG:Debug>:Debug>$<$<STREQUAL:dynamic,dynamic>:DLL>"
      VCPKG_CHAINLOAD_TOOLCHAIN_FILE: "C:/Program Files/Microsoft Visual Studio/2022/Community/VC/vcpkg/scripts/toolchains/windows.cmake"
      VCPKG_CRT_LINKAGE: "dynamic"
      VCPKG_CXX_FLAGS: ""
      VCPKG_CXX_FLAGS_DEBUG: ""
      VCPKG_CXX_FLAGS_RELEASE: ""
      VCPKG_C_FLAGS: ""
      VCPKG_C_FLAGS_DEBUG: ""
      VCPKG_C_FLAGS_RELEASE: ""
      VCPKG_INSTALLED_DIR: "C:/Users/jonas/Downloads/rompecabezas-kinect-c/vcpkg_installed"
      VCPKG_LINKER_FLAGS: ""
      VCPKG_LINKER_FLAGS_DEBUG: ""
      VCPKG_LINKER_FLAGS_RELEASE: ""
      VCPKG_PLATFORM_TOOLSET: "v143"
      VCPKG_PREFER_SYSTEM_LIBS: "OFF"
      VCPKG_SET_CHARSET_FLAG: "ON"
      VCPKG_TARGET_ARCHITECTURE: "x64"
      VCPKG_TARGET_TRIPLET: "x64-windows"
      Z_VCPKG_ROOT_DIR: "C:/Program Files/Microsoft Visual Studio/2022/Community/VC/vcpkg"
    buildResult:
      variable: "HAVE_SENSORSAPI_H"
      cached: true
      stdout: |
        Change Dir: 'C:/Users/jonas/Downloads/rompecabezas-kinect-c/vcpkg_installed/vcpkg/blds/sdl2/x64-windows-rel/CMakeFiles/CMakeScratch/TryCompile-w8ivgb'
        
        Run Build Command(s): "C:/Program Files/Microsoft Visual Studio/2022/Community/Common7/IDE/CommonExtensions/Microsoft/CMake/Ninja/ninja.exe" -v cmTC_1f5db
        [1/2] C:\\PROGRA~1\\MIB055~1\\2022\\COMMUN~1\\VC\\Tools\\MSVC\\1444~1.352\\bin\\Hostx64\\x64\\cl.exe  /nologo   /nologo /DWIN32 /D_WINDOWS /utf-8 /MP   -D_GNU_SOURCE=1 /MDd /Z7 /Ob0 /Od /RTC1  -MDd /showIncludes /FoCMakeFiles\\cmTC_1f5db.dir\\CheckIncludeFile.c.obj /FdCMakeFiles\\cmTC_1f5db.dir\\ /FS -c C:\\Users\\jonas\\Downloads\\rompecabezas-kinect-c\\vcpkg_installed\\vcpkg\\blds\\sdl2\\x64-windows-rel\\CMakeFiles\\CMakeScratch\\TryCompile-w8ivgb\\CheckIncludeFile.c
        [2/2] C:\\WINDOWS\\system32\\cmd.exe /C "cd . && "C:\\Program Files\\Microsoft Visual Studio\\2022\\Community\\Common7\\IDE\\CommonExtensions\\Microsoft\\CMake\\CMake\\bin\\cmake.exe" -E vs_link_exe --msvc-ver=1944 --intdir=CMakeFiles\\cmTC_1f5db.dir --rc=C:\\PROGRA~2\\WI3CF2~1\\10\\bin\\100261~1.0\\x64\\rc.exe --mt=C:\\PROGRA~2\\WI3CF2~1\\10\\bin\\100261~1.0\\x64\\mt.exe --manifests  -- C:\\PROGRA~1\\MIB055~1\\2022\\COMMUN~1\\VC\\Tools\\MSVC\\1444~1.352\\bin\\Hostx64\\x64\\link.exe /nologo CMakeFiles\\cmTC_1f5db.dir\\CheckIncludeFile.c.obj  /out:cmTC_1f5db.exe /implib:cmTC_1f5db.lib /pdb:cmTC_1f5db.pdb /version:0.0 /machine:x64  /nologo    /debug /INCREMENTAL /subsystem:console  kernel32.lib user32.lib gdi32.lib winspool.lib shell32.lib ole32.lib oleaut32.lib uuid.lib comdlg32.lib advapi32.lib && cd ."
        
      exitCode: 0
  -
    kind: "try_compile-v1"
    backtrace:
      - "C:/Program Files/Microsoft Visual Studio/2022/Community/Common7/IDE/CommonExtensions/Microsoft/CMake/CMake/share/cmake-3.31/Modules/CheckIncludeFile.cmake:99 (try_compile)"
      - "CMakeLists.txt:1870 (check_include_file)"
    checks:
      - "Looking for shellscalingapi.h"
    directories:
      source: "C:/Users/jonas/Downloads/rompecabezas-kinect-c/vcpkg_installed/vcpkg/blds/sdl2/x64-windows-rel/CMakeFiles/CMakeScratch/TryCompile-p3bz58"
      binary: "C:/Users/jonas/Downloads/rompecabezas-kinect-c/vcpkg_installed/vcpkg/blds/sdl2/x64-windows-rel/CMakeFiles/CMakeScratch/TryCompile-p3bz58"
    cmakeVariables:
      CMAKE_C_FLAGS: " /nologo /DWIN32 /D_WINDOWS /utf-8 /MP "
      CMAKE_C_FLAGS_DEBUG: "/MDd /Z7 /Ob0 /Od /RTC1 "
      CMAKE_EXE_LINKER_FLAGS: "/machine:x64"
      CMAKE_MODULE_PATH: "C:/Users/jonas/Downloads/rompecabezas-kinect-c/vcpkg_installed/vcpkg/blds/sdl2/src/se-2.32.10-3b143ac573.clean/cmake"
      CMAKE_MSVC_DEBUG_INFORMATION_FORMAT: ""
      CMAKE_MSVC_RUNTIME_LIBRARY: "MultiThreaded$<$<CONFIG:Debug>:Debug>$<$<STREQUAL:dynamic,dynamic>:DLL>"
      VCPKG_CHAINLOAD_TOOLCHAIN_FILE: "C:/Program Files/Microsoft Visual Studio/2022/Community/VC/vcpkg/scripts/toolchains/windows.cmake"
      VCPKG_CRT_LINKAGE: "dynamic"
      VCPKG_CXX_FLAGS: ""
      VCPKG_CXX_FLAGS_DEBUG: ""
      VCPKG_CXX_FLAGS_RELEASE: ""
      VCPKG_C_FLAGS: ""
      VCPKG_C_FLAGS_DEBUG: ""
      VCPKG_C_FLAGS_RELEASE: ""
      VCPKG_INSTALLED_DIR: "C:/Users/jonas/Downloads/rompecabezas-kinect-c/vcpkg_installed"
      VCPKG_LINKER_FLAGS: ""
      VCPKG_LINKER_FLAGS_DEBUG: ""
      VCPKG_LINKER_FLAGS_RELEASE: ""
      VCPKG_PLATFORM_TOOLSET: "v143"
      VCPKG_PREFER_SYSTEM_LIBS: "OFF"
      VCPKG_SET_CHARSET_FLAG: "ON"
      VCPKG_TARGET_ARCHITECTURE: "x64"
      VCPKG_TARGET_TRIPLET: "x64-windows"
      Z_VCPKG_ROOT_DIR: "C:/Program Files/Microsoft Visual Studio/2022/Community/VC/vcpkg"
    buildResult:
      variable: "HAVE_SHELLSCALINGAPI_H"
      cached: true
      stdout: |
        Change Dir: 'C:/Users/jonas/Downloads/rompecabezas-kinect-c/vcpkg_installed/vcpkg/blds/sdl2/x64-windows-rel/CMakeFiles/CMakeScratch/TryCompile-p3bz58'
        
        Run Build Command(s): "C:/Program Files/Microsoft Visual Studio/2022/Community/Common7/IDE/CommonExtensions/Microsoft/CMake/Ninja/ninja.exe" -v cmTC_bc058
        [1/2] C:\\PROGRA~1\\MIB055~1\\2022\\COMMUN~1\\VC\\Tools\\MSVC\\1444~1.352\\bin\\Hostx64\\x64\\cl.exe  /nologo   /nologo /DWIN32 /D_WINDOWS /utf-8 /MP   -D_GNU_SOURCE=1 /MDd /Z7 /Ob0 /Od /RTC1  -MDd /showIncludes /FoCMakeFiles\\cmTC_bc058.dir\\CheckIncludeFile.c.obj /FdCMakeFiles\\cmTC_bc058.dir\\ /FS -c C:\\Users\\jonas\\Downloads\\rompecabezas-kinect-c\\vcpkg_installed\\vcpkg\\blds\\sdl2\\x64-windows-rel\\CMakeFiles\\CMakeScratch\\TryCompile-p3bz58\\CheckIncludeFile.c
        [2/2] C:\\WINDOWS\\system32\\cmd.exe /C "cd . && "C:\\Program Files\\Microsoft Visual Studio\\2022\\Community\\Common7\\IDE\\CommonExtensions\\Microsoft\\CMake\\CMake\\bin\\cmake.exe" -E vs_link_exe --msvc-ver=1944 --intdir=CMakeFiles\\cmTC_bc058.dir --rc=C:\\PROGRA~2\\WI3CF2~1\\10\\bin\\100261~1.0\\x64\\rc.exe --mt=C:\\PROGRA~2\\WI3CF2~1\\10\\bin\\100261~1.0\\x64\\mt.exe --manifests  -- C:\\PROGRA~1\\MIB055~1\\2022\\COMMUN~1\\VC\\Tools\\MSVC\\1444~1.352\\bin\\Hostx64\\x64\\link.exe /nologo CMakeFiles\\cmTC_bc058.dir\\CheckIncludeFile.c.obj  /out:cmTC_bc058.exe /implib:cmTC_bc058.lib /pdb:cmTC_bc058.pdb /version:0.0 /machine:x64  /nologo    /debug /INCREMENTAL /subsystem:console  kernel32.lib user32.lib gdi32.lib winspool.lib shell32.lib ole32.lib oleaut32.lib uuid.lib comdlg32.lib advapi32.lib && cd ."
        
      exitCode: 0
...
