
---
events:
  -
    kind: "message-v1"
    backtrace:
      - "C:/Program Files/Microsoft Visual Studio/2022/Community/Common7/IDE/CommonExtensions/Microsoft/CMake/CMake/share/cmake-3.31/Modules/CMakeDetermineSystem.cmake:205 (message)"
      - "CMakeLists.txt:9 (project)"
    message: |
      The system is: Windows - 10.0.26100 - AMD64
  -
    kind: "message-v1"
    backtrace:
      - "C:/Program Files/Microsoft Visual Studio/2022/Community/Common7/IDE/CommonExtensions/Microsoft/CMake/CMake/share/cmake-3.31/Modules/CMakeDetermineCompilerId.cmake:17 (message)"
      - "C:/Program Files/Microsoft Visual Studio/2022/Community/Common7/IDE/CommonExtensions/Microsoft/CMake/CMake/share/cmake-3.31/Modules/CMakeDetermineCompilerId.cmake:64 (__determine_compiler_id_test)"
      - "C:/Program Files/Microsoft Visual Studio/2022/Community/Common7/IDE/CommonExtensions/Microsoft/CMake/CMake/share/cmake-3.31/Modules/CMakeDetermineCCompiler.cmake:123 (CMAKE_DETERMINE_COMPILER_ID)"
      - "CMakeLists.txt:9 (project)"
    message: |
      Compiling the C compiler identification source file "CMakeCCompilerId.c" succeeded.
      Compiler: C:/Program Files/Microsoft Visual Studio/2022/Community/VC/Tools/MSVC/14.44.35207/bin/Hostx64/x64/cl.exe 
      Build flags: /nologo;/DWIN32;/D_WINDOWS;/utf-8;/MP
      Id flags:  
      
      The output was:
      0
      CMakeCCompilerId.c
      
      
      Compilation of the C compiler identification source "CMakeCCompilerId.c" produced "CMakeCCompilerId.exe"
      
      Compilation of the C compiler identification source "CMakeCCompilerId.c" produced "CMakeCCompilerId.obj"
      
      The C compiler identification is MSVC, found in:
        C:/Users/jonas/Downloads/rompecabezas-kinect-c/vcpkg_installed/vcpkg/blds/sdl2/x64-windows-dbg/CMakeFiles/3.31.6-msvc6/CompilerIdC/CMakeCCompilerId.exe
      
  -
    kind: "message-v1"
    backtrace:
      - "C:/Program Files/Microsoft Visual Studio/2022/Community/Common7/IDE/CommonExtensions/Microsoft/CMake/CMake/share/cmake-3.31/Modules/CMakeDetermineCompilerId.cmake:1288 (message)"
      - "C:/Program Files/Microsoft Visual Studio/2022/Community/Common7/IDE/CommonExtensions/Microsoft/CMake/CMake/share/cmake-3.31/Modules/CMakeDetermineCompilerId.cmake:250 (CMAKE_DETERMINE_MSVC_SHOWINCLUDES_PREFIX)"
      - "C:/Program Files/Microsoft Visual Studio/2022/Community/Common7/IDE/CommonExtensions/Microsoft/CMake/CMake/share/cmake-3.31/Modules/CMakeDetermineCCompiler.cmake:123 (CMAKE_DETERMINE_COMPILER_ID)"
      - "CMakeLists.txt:9 (project)"
    message: |
      Detecting C compiler /showIncludes prefix:
        main.c
        Nota: inclusión del archivo: C:\\Users\\jonas\\Downloads\\rompecabezas-kinect-c\\vcpkg_installed\\vcpkg\\blds\\sdl2\\x64-windows-dbg\\CMakeFiles\\ShowIncludes\\foo.h
        
      Found prefix "Nota: inclusión del archivo: "
  -
    kind: "try_compile-v1"
    backtrace:
      - "C:/Program Files/Microsoft Visual Studio/2022/Community/Common7/IDE/CommonExtensions/Microsoft/CMake/CMake/share/cmake-3.31/Modules/CMakeDetermineCompilerABI.cmake:74 (try_compile)"
      - "C:/Program Files/Microsoft Visual Studio/2022/Community/Common7/IDE/CommonExtensions/Microsoft/CMake/CMake/share/cmake-3.31/Modules/CMakeTestCCompiler.cmake:26 (CMAKE_DETERMINE_COMPILER_ABI)"
      - "CMakeLists.txt:9 (project)"
    checks:
      - "Detecting C compiler ABI info"
    directories:
      source: "C:/Users/jonas/Downloads/rompecabezas-kinect-c/vcpkg_installed/vcpkg/blds/sdl2/x64-windows-dbg/CMakeFiles/CMakeScratch/TryCompile-75xe6x"
      binary: "C:/Users/jonas/Downloads/rompecabezas-kinect-c/vcpkg_installed/vcpkg/blds/sdl2/x64-windows-dbg/CMakeFiles/CMakeScratch/TryCompile-75xe6x"
    cmakeVariables:
      CMAKE_C_FLAGS: " /nologo /DWIN32 /D_WINDOWS /utf-8 /MP "
      CMAKE_C_FLAGS_DEBUG: "/MDd /Z7 /Ob0 /Od /RTC1 "
      CMAKE_EXE_LINKER_FLAGS: "/machine:x64"
      CMAKE_MSVC_DEBUG_INFORMATION_FORMAT: ""
      CMAKE_MSVC_RUNTIME_LIBRARY: "MultiThreaded$<$<CONFIG:Debug>:Debug>$<$<STREQUAL:dynamic,dynamic>:DLL>"
      VCPKG_CHAINLOAD_TOOLCHAIN_FILE: "C:/Program Files/Microsoft Visual Studio/2022/Community/VC/vcpkg/scripts/toolchains/windows.cmake"
      VCPKG_CRT_LINKAGE: "dynamic"
      VCPKG_CXX_FLAGS: ""
      VCPKG_CXX_FLAGS_DEBUG: ""
      VCPKG_CXX_FLAGS_RELEASE: ""
      VCPKG_C_FLAGS: ""
      VCPKG_C_FLAGS_DEBUG: ""
      VCPKG_C_FLAGS_RELEASE: ""
      VCPKG_INSTALLED_DIR: "C:/Users/jonas/Downloads/rompecabezas-kinect-c/vcpkg_installed"
      VCPKG_LINKER_FLAGS: ""
      VCPKG_LINKER_FLAGS_DEBUG: ""
      VCPKG_LINKER_FLAGS_RELEASE: ""
      VCPKG_PLATFORM_TOOLSET: "v143"
      VCPKG_PREFER_SYSTEM_LIBS: "OFF"
      VCPKG_SET_CHARSET_FLAG: "ON"
      VCPKG_TARGET_ARCHITECTURE: "x64"
      VCPKG_TARGET_TRIPLET: "x64-windows"
      Z_VCPKG_ROOT_DIR: "C:/Program Files/Microsoft Visual Studio/2022/Community/VC/vcpkg"
    buildResult:
      variable: "CMAKE_C_ABI_COMPILED"
      cached: true
      stdout: |
        Change Dir: 'C:/Users/jonas/Downloads/rompecabezas-kinect-c/vcpkg_installed/vcpkg/blds/sdl2/x64-windows-dbg/CMakeFiles/CMakeScratch/TryCompile-75xe6x'
        
        Run Build Command(s): "C:/Program Files/Microsoft Visual Studio/2022/Community/Common7/IDE/CommonExtensions/Microsoft/CMake/Ninja/ninja.exe" -v cmTC_816e6
        [1/2] C:\\PROGRA~1\\MIB055~1\\2022\\COMMUN~1\\VC\\Tools\\MSVC\\1444~1.352\\bin\\Hostx64\\x64\\cl.exe  /nologo   /nologo /DWIN32 /D_WINDOWS /utf-8 /MP   /MDd /Z7 /Ob0 /Od /RTC1  -MDd /showIncludes /FoCMakeFiles\\cmTC_816e6.dir\\CMakeCCompilerABI.c.obj /FdCMakeFiles\\cmTC_816e6.dir\\ /FS -c "C:\\Program Files\\Microsoft Visual Studio\\2022\\Community\\Common7\\IDE\\CommonExtensions\\Microsoft\\CMake\\CMake\\share\\cmake-3.31\\Modules\\CMakeCCompilerABI.c"
        [2/2] C:\\WINDOWS\\system32\\cmd.exe /C "cd . && "C:\\Program Files\\Microsoft Visual Studio\\2022\\Community\\Common7\\IDE\\CommonExtensions\\Microsoft\\CMake\\CMake\\bin\\cmake.exe" -E vs_link_exe --msvc-ver=1944 --intdir=CMakeFiles\\cmTC_816e6.dir --rc=C:\\PROGRA~2\\WI3CF2~1\\10\\bin\\100261~1.0\\x64\\rc.exe --mt=C:\\PROGRA~2\\WI3CF2~1\\10\\bin\\100261~1.0\\x64\\mt.exe --manifests  -- C:\\PROGRA~1\\MIB055~1\\2022\\COMMUN~1\\VC\\Tools\\MSVC\\1444~1.352\\bin\\Hostx64\\x64\\link.exe /nologo CMakeFiles\\cmTC_816e6.dir\\CMakeCCompilerABI.c.obj  /out:cmTC_816e6.exe /implib:cmTC_816e6.lib /pdb:cmTC_816e6.pdb /version:0.0 /machine:x64  /nologo    /debug /INCREMENTAL /subsystem:console  kernel32.lib user32.lib gdi32.lib winspool.lib shell32.lib ole32.lib oleaut32.lib uuid.lib comdlg32.lib advapi32.lib && cd ."
        
      exitCode: 0
  -
    kind: "message-v1"
    backtrace:
      - "C:/Program Files/Microsoft Visual Studio/2022/Community/Common7/IDE/CommonExtensions/Microsoft/CMake/CMake/share/cmake-3.31/Modules/CMakeDetermineCompilerABI.cmake:218 (message)"
      - "C:/Program Files/Microsoft Visual Studio/2022/Community/Common7/IDE/CommonExtensions/Microsoft/CMake/CMake/share/cmake-3.31/Modules/CMakeTestCCompiler.cmake:26 (CMAKE_DETERMINE_COMPILER_ABI)"
      - "CMakeLists.txt:9 (project)"
    message: |
      Parsed C implicit link information:
        link line regex: [^( *|.*[/\\])(ld[0-9]*(\\.[a-z]+)?|link\\.exe|lld-link(\\.exe)?|CMAKE_LINK_STARTFILE-NOTFOUND|([^/\\]+-)?ld|collect2)[^/\\]*( |$)]
        linker tool regex: [^[ 	]*(->|")?[ 	]*(([^"]*[/\\])?(ld[0-9]*(\\.[a-z]+)?|link\\.exe|lld-link(\\.exe)?))("|,| |$)]
        linker tool for 'C': C:/PROGRA~1/MIB055~1/2022/COMMUN~1/VC/Tools/MSVC/1444~1.352/bin/Hostx64/x64/link.exe
        implicit libs: []
        implicit objs: []
        implicit dirs: []
        implicit fwks: []
      
      
  -
    kind: "message-v1"
    backtrace:
      - "C:/Program Files/Microsoft Visual Studio/2022/Community/Common7/IDE/CommonExtensions/Microsoft/CMake/CMake/share/cmake-3.31/Modules/Internal/CMakeDetermineLinkerId.cmake:40 (message)"
      - "C:/Program Files/Microsoft Visual Studio/2022/Community/Common7/IDE/CommonExtensions/Microsoft/CMake/CMake/share/cmake-3.31/Modules/CMakeDetermineCompilerABI.cmake:255 (cmake_determine_linker_id)"
      - "C:/Program Files/Microsoft Visual Studio/2022/Community/Common7/IDE/CommonExtensions/Microsoft/CMake/CMake/share/cmake-3.31/Modules/CMakeTestCCompiler.cmake:26 (CMAKE_DETERMINE_COMPILER_ABI)"
      - "CMakeLists.txt:9 (project)"
    message: |
      Running the C compiler's linker: "C:/PROGRA~1/MIB055~1/2022/COMMUN~1/VC/Tools/MSVC/1444~1.352/bin/Hostx64/x64/link.exe" "-v"
      Microsoft (R) Incremental Linker Version 14.44.35216.0
      Copyright (C) Microsoft Corporation.  All rights reserved.
  -
    kind: "try_compile-v1"
    backtrace:
      - "C:/Program Files/Microsoft Visual Studio/2022/Community/Common7/IDE/CommonExtensions/Microsoft/CMake/CMake/share/cmake-3.31/Modules/CheckSymbolExists.cmake:163 (try_compile)"
      - "C:/Program Files/Microsoft Visual Studio/2022/Community/Common7/IDE/CommonExtensions/Microsoft/CMake/CMake/share/cmake-3.31/Modules/CheckSymbolExists.cmake:68 (__CHECK_SYMBOL_EXISTS_IMPL)"
      - "CMakeLists.txt:84 (check_symbol_exists)"
    checks:
      - "Looking for __GLIBC__"
    directories:
      source: "C:/Users/jonas/Downloads/rompecabezas-kinect-c/vcpkg_installed/vcpkg/blds/sdl2/x64-windows-dbg/CMakeFiles/CMakeScratch/TryCompile-8eyb5f"
      binary: "C:/Users/jonas/Downloads/rompecabezas-kinect-c/vcpkg_installed/vcpkg/blds/sdl2/x64-windows-dbg/CMakeFiles/CMakeScratch/TryCompile-8eyb5f"
    cmakeVariables:
      CMAKE_C_FLAGS: " /nologo /DWIN32 /D_WINDOWS /utf-8 /MP "
      CMAKE_C_FLAGS_DEBUG: "/MDd /Z7 /Ob0 /Od /RTC1 "
      CMAKE_EXE_LINKER_FLAGS: "/machine:x64"
      CMAKE_MODULE_PATH: "C:/Users/jonas/Downloads/rompecabezas-kinect-c/vcpkg_installed/vcpkg/blds/sdl2/src/se-2.32.10-3b143ac573.clean/cmake"
      CMAKE_MSVC_DEBUG_INFORMATION_FORMAT: ""
      CMAKE_MSVC_RUNTIME_LIBRARY: "MultiThreaded$<$<CONFIG:Debug>:Debug>$<$<STREQUAL:dynamic,dynamic>:DLL>"
      VCPKG_CHAINLOAD_TOOLCHAIN_FILE: "C:/Program Files/Microsoft Visual Studio/2022/Community/VC/vcpkg/scripts/toolchains/windows.cmake"
      VCPKG_CRT_LINKAGE: "dynamic"
      VCPKG_CXX_FLAGS: ""
      VCPKG_CXX_FLAGS_DEBUG: ""
      VCPKG_CXX_FLAGS_RELEASE: ""
      VCPKG_C_FLAGS: ""
      VCPKG_C_FLAGS_DEBUG: ""
      VCPKG_C_FLAGS_RELEASE: ""
      VCPKG_INSTALLED_DIR: "C:/Users/jonas/Downloads/rompecabezas-kinect-c/vcpkg_installed"
      VCPKG_LINKER_FLAGS: ""
      VCPKG_LINKER_FLAGS_DEBUG: ""
      VCPKG_LINKER_FLAGS_RELEASE: ""
      VCPKG_PLATFORM_TOOLSET: "v143"
      VCPKG_PREFER_SYSTEM_LIBS: "OFF"
      VCPKG_SET_CHARSET_FLAG: "ON"
      VCPKG_TARGET_ARCHITECTURE: "x64"
      VCPKG_TARGET_TRIPLET: "x64-windows"
      Z_VCPKG_ROOT_DIR: "C:/Program Files/Microsoft Visual Studio/2022/Community/VC/vcpkg"
    buildResult:
      variable: "LIBC_IS_GLIBC"
      cached: true
      stdout: |
        Change Dir: 'C:/Users/jonas/Downloads/rompecabezas-kinect-c/vcpkg_installed/vcpkg/blds/sdl2/x64-windows-dbg/CMakeFiles/CMakeScratch/TryCompile-8eyb5f'
        
        Run Build Command(s): "C:/Program Files/Microsoft Visual Studio/2022/Community/Common7/IDE/CommonExtensions/Microsoft/CMake/Ninja/ninja.exe" -v cmTC_b1147
        [1/2] C:\\PROGRA~1\\MIB055~1\\2022\\COMMUN~1\\VC\\Tools\\MSVC\\1444~1.352\\bin\\Hostx64\\x64\\cl.exe  /nologo   /nologo /DWIN32 /D_WINDOWS /utf-8 /MP   /MDd /Z7 /Ob0 /Od /RTC1  -MDd /showIncludes /FoCMakeFiles\\cmTC_b1147.dir\\CheckSymbolExists.c.obj /FdCMakeFiles\\cmTC_b1147.dir\\ /FS -c C:\\Users\\jonas\\Downloads\\rompecabezas-kinect-c\\vcpkg_installed\\vcpkg\\blds\\sdl2\\x64-windows-dbg\\CMakeFiles\\CMakeScratch\\TryCompile-8eyb5f\\CheckSymbolExists.c
        FAILED: CMakeFiles/cmTC_b1147.dir/CheckSymbolExists.c.obj 
        C:\\PROGRA~1\\MIB055~1\\2022\\COMMUN~1\\VC\\Tools\\MSVC\\1444~1.352\\bin\\Hostx64\\x64\\cl.exe  /nologo   /nologo /DWIN32 /D_WINDOWS /utf-8 /MP   /MDd /Z7 /Ob0 /Od /RTC1  -MDd /showIncludes /FoCMakeFiles\\cmTC_b1147.dir\\CheckSymbolExists.c.obj /FdCMakeFiles\\cmTC_b1147.dir\\ /FS -c C:\\Users\\jonas\\Downloads\\rompecabezas-kinect-c\\vcpkg_installed\\vcpkg\\blds\\sdl2\\x64-windows-dbg\\CMakeFiles\\CMakeScratch\\TryCompile-8eyb5f\\CheckSymbolExists.c
        C:\\Users\\jonas\\Downloads\\rompecabezas-kinect-c\\vcpkg_installed\\vcpkg\\blds\\sdl2\\x64-windows-dbg\\CMakeFiles\\CMakeScratch\\TryCompile-8eyb5f\\CheckSymbolExists.c(8): error C2065: '__GLIBC__': identificador no declarado
        ninja: build stopped: subcommand failed.
        
      exitCode: 1
  -
    kind: "try_compile-v1"
    backtrace:
      - "C:/Program Files/Microsoft Visual Studio/2022/Community/Common7/IDE/CommonExtensions/Microsoft/CMake/CMake/share/cmake-3.31/Modules/Internal/CheckSourceCompiles.cmake:108 (try_compile)"
      - "C:/Program Files/Microsoft Visual Studio/2022/Community/Common7/IDE/CommonExtensions/Microsoft/CMake/CMake/share/cmake-3.31/Modules/CheckCSourceCompiles.cmake:58 (cmake_check_source_compiles)"
      - "cmake/CheckCPUArchitecture.cmake:17 (check_c_source_compiles)"
      - "cmake/CheckCPUArchitecture.cmake:28 (_internal_check_cpu_architecture)"
      - "CMakeLists.txt:141 (check_cpu_architecture)"
    checks:
      - "Performing Test CHECK_CPU_ARCHITECTURE_X86"
    directories:
      source: "C:/Users/jonas/Downloads/rompecabezas-kinect-c/vcpkg_installed/vcpkg/blds/sdl2/x64-windows-dbg/CMakeFiles/CMakeScratch/TryCompile-llnf7o"
      binary: "C:/Users/jonas/Downloads/rompecabezas-kinect-c/vcpkg_installed/vcpkg/blds/sdl2/x64-windows-dbg/CMakeFiles/CMakeScratch/TryCompile-llnf7o"
    cmakeVariables:
      CMAKE_C_FLAGS: " /nologo /DWIN32 /D_WINDOWS /utf-8 /MP "
      CMAKE_C_FLAGS_DEBUG: "/MDd /Z7 /Ob0 /Od /RTC1 "
      CMAKE_EXE_LINKER_FLAGS: "/machine:x64"
      CMAKE_MODULE_PATH: "C:/Users/jonas/Downloads/rompecabezas-kinect-c/vcpkg_installed/vcpkg/blds/sdl2/src/se-2.32.10-3b143ac573.clean/cmake"
      CMAKE_MSVC_DEBUG_INFORMATION_FORMAT: ""
      CMAKE_MSVC_RUNTIME_LIBRARY: "MultiThreaded$<$<CONFIG:Debug>:Debug>$<$<STREQUAL:dynamic,dynamic>:DLL>"
      VCPKG_CHAINLOAD_TOOLCHAIN_FILE: "C:/Program Files/Microsoft Visual Studio/2022/Community/VC/vcpkg/scripts/toolchains/windows.cmake"
      VCPKG_CRT_LINKAGE: "dynamic"
      VCPKG_CXX_FLAGS: ""
      VCPKG_CXX_FLAGS_DEBUG: ""
      VCPKG_CXX_FLAGS_RELEASE: ""
      VCPKG_C_FLAGS: ""
      VCPKG_C_FLAGS_DEBUG: ""
      VCPKG_C_FLAGS_RELEASE: ""
      VCPKG_INSTALLED_DIR: "C:/Users/jonas/Downloads/rompecabezas-kinect-c/vcpkg_installed"
      VCPKG_LINKER_FLAGS: ""
      VCPKG_LINKER_FLAGS_DEBUG: ""
      VCPKG_LINKER_FLAGS_RELEASE: ""
      VCPKG_PLATFORM_TOOLSET: "v143"
      VCPKG_PREFER_SYSTEM_LIBS: "OFF"
      VCPKG_SET_CHARSET_FLAG: "ON"
      VCPKG_TARGET_ARCHITECTURE: "x64"
      VCPKG_TARGET_TRIPLET: "x64-windows"
      Z_VCPKG_ROOT_DIR: "C:/Program Files/Microsoft Visual Studio/2022/Community/VC/vcpkg"
    buildResult:
      variable: "CHECK_CPU_ARCHITECTURE_X86"
      cached: true
      stdout: |
        Change Dir: 'C:/Users/jonas/Downloads/rompecabezas-kinect-c/vcpkg_installed/vcpkg/blds/sdl2/x64-windows-dbg/CMakeFiles/CMakeScratch/TryCompile-llnf7o'
        
        Run Build Command(s): "C:/Program Files/Microsoft Visual Studio/2022/Community/Common7/IDE/CommonExtensions/Microsoft/CMake/Ninja/ninja.exe" -v cmTC_0fabe
        [1/2] C:\\PROGRA~1\\MIB055~1\\2022\\COMMUN~1\\VC\\Tools\\MSVC\\1444~1.352\\bin\\Hostx64\\x64\\cl.exe  /nologo -DCHECK_CPU_ARCHITECTURE_X86  /nologo /DWIN32 /D_WINDOWS /utf-8 /MP   /MDd /Z7 /Ob0 /Od /RTC1  -MDd /showIncludes /FoCMakeFiles\\cmTC_0fabe.dir\\src.c.obj /FdCMakeFiles\\cmTC_0fabe.dir\\ /FS -c C:\\Users\\jonas\\Downloads\\rompecabezas-kinect-c\\vcpkg_installed\\vcpkg\\blds\\sdl2\\x64-windows-dbg\\CMakeFiles\\CMakeScratch\\TryCompile-llnf7o\\src.c
        FAILED: CMakeFiles/cmTC_0fabe.dir/src.c.obj 
        C:\\PROGRA~1\\MIB055~1\\2022\\COMMUN~1\\VC\\Tools\\MSVC\\1444~1.352\\bin\\Hostx64\\x64\\cl.exe  /nologo -DCHECK_CPU_ARCHITECTURE_X86  /nologo /DWIN32 /D_WINDOWS /utf-8 /MP   /MDd /Z7 /Ob0 /Od /RTC1  -MDd /showIncludes /FoCMakeFiles\\cmTC_0fabe.dir\\src.c.obj /FdCMakeFiles\\cmTC_0fabe.dir\\ /FS -c C:\\Users\\jonas\\Downloads\\rompecabezas-kinect-c\\vcpkg_installed\\vcpkg\\blds\\sdl2\\x64-windows-dbg\\CMakeFiles\\CMakeScratch\\TryCompile-llnf7o\\src.c
        C:\\Users\\jonas\\Downloads\\rompecabezas-kinect-c\\vcpkg_installed\\vcpkg\\blds\\sdl2\\x64-windows-dbg\\CMakeFiles\\CMakeScratch\\TryCompile-llnf7o\\src.c(6): error C2065: 'choke': identificador no declarado
        C:\\Users\\jonas\\Downloads\\rompecabezas-kinect-c\\vcpkg_installed\\vcpkg\\blds\\sdl2\\x64-windows-dbg\\CMakeFiles\\CMakeScratch\\TryCompile-llnf7o\\src.c(8): error C2143: error de sintaxis: falta ';' delante de '}'
        ninja: build stopped: subcommand failed.
        
      exitCode: 1
  -
    kind: "try_compile-v1"
    backtrace:
      - "C:/Program Files/Microsoft Visual Studio/2022/Community/Common7/IDE/CommonExtensions/Microsoft/CMake/CMake/share/cmake-3.31/Modules/Internal/CheckSourceCompiles.cmake:108 (try_compile)"
      - "C:/Program Files/Microsoft Visual Studio/2022/Community/Common7/IDE/CommonExtensions/Microsoft/CMake/CMake/share/cmake-3.31/Modules/CheckCSourceCompiles.cmake:58 (cmake_check_source_compiles)"
      - "cmake/CheckCPUArchitecture.cmake:17 (check_c_source_compiles)"
      - "cmake/CheckCPUArchitecture.cmake:30 (_internal_check_cpu_architecture)"
      - "CMakeLists.txt:142 (check_cpu_architecture)"
    checks:
      - "Performing Test CHECK_CPU_ARCHITECTURE_X64"
    directories:
      source: "C:/Users/jonas/Downloads/rompecabezas-kinect-c/vcpkg_installed/vcpkg/blds/sdl2/x64-windows-dbg/CMakeFiles/CMakeScratch/TryCompile-aolm8k"
      binary: "C:/Users/jonas/Downloads/rompecabezas-kinect-c/vcpkg_installed/vcpkg/blds/sdl2/x64-windows-dbg/CMakeFiles/CMakeScratch/TryCompile-aolm8k"
    cmakeVariables:
      CMAKE_C_FLAGS: " /nologo /DWIN32 /D_WINDOWS /utf-8 /MP "
      CMAKE_C_FLAGS_DEBUG: "/MDd /Z7 /Ob0 /Od /RTC1 "
      CMAKE_EXE_LINKER_FLAGS: "/machine:x64"
      CMAKE_MODULE_PATH: "C:/Users/jonas/Downloads/rompecabezas-kinect-c/vcpkg_installed/vcpkg/blds/sdl2/src/se-2.32.10-3b143ac573.clean/cmake"
      CMAKE_MSVC_DEBUG_INFORMATION_FORMAT: ""
      CMAKE_MSVC_RUNTIME_LIBRARY: "MultiThreaded$<$<CONFIG:Debug>:Debug>$<$<STREQUAL:dynamic,dynamic>:DLL>"
      VCPKG_CHAINLOAD_TOOLCHAIN_FILE: "C:/Program Files/Microsoft Visual Studio/2022/Community/VC/vcpkg/scripts/toolchains/windows.cmake"
      VCPKG_CRT_LINKAGE: "dynamic"
      VCPKG_CXX_FLAGS: ""
      VCPKG_CXX_FLAGS_DEBUG: ""
      VCPKG_CXX_FLAGS_RELEASE: ""
      VCPKG_C_FLAGS: ""
      VCPKG_C_FLAGS_DEBUG: ""
      VCPKG_C_FLAGS_RELEASE: ""
      VCPKG_INSTALLED_DIR: "C:/Users/jonas/Downloads/rompecabezas-kinect-c/vcpkg_installed"
      VCPKG_LINKER_FLAGS: ""
      VCPKG_LINKER_FLAGS_DEBUG: ""
      VCPKG_LINKER_FLAGS_RELEASE: ""
      VCPKG_PLATFORM_TOOLSET: "v143"
      VCPKG_PREFER_SYSTEM_LIBS: "OFF"
      VCPKG_SET_CHARSET_FLAG: "ON"
      VCPKG_TARGET_ARCHITECTURE: "x64"
      VCPKG_TARGET_TRIPLET: "x64-windows"
      Z_VCPKG_ROOT_DIR: "C:/Program Files/Microsoft Visual Studio/2022/Community/VC/vcpkg"
    buildResult:
      variable: "CHECK_CPU_ARCHITECTURE_X64"
      cached: true
      stdout: |
        Change Dir: 'C:/Users/jonas/Downloads/rompecabezas-kinect-c/vcpkg_installed/vcpkg/blds/sdl2/x64-windows-dbg/CMakeFiles/CMakeScratch/TryCompile-aolm8k'
        
        Run Build Command(s): "C:/Program Files/Microsoft Visual Studio/2022/Community/Common7/IDE/CommonExtensions/Microsoft/CMake/Ninja/ninja.exe" -v cmTC_9a998
        [1/2] C:\\PROGRA~1\\MIB055~1\\2022\\COMMUN~1\\VC\\Tools\\MSVC\\1444~1.352\\bin\\Hostx64\\x64\\cl.exe  /nologo -DCHECK_CPU_ARCHITECTURE_X64  /nologo /DWIN32 /D_WINDOWS /utf-8 /MP   /MDd /Z7 /Ob0 /Od /RTC1  -MDd /showIncludes /FoCMakeFiles\\cmTC_9a998.dir\\src.c.obj /FdCMakeFiles\\cmTC_9a998.dir\\ /FS -c C:\\Users\\jonas\\Downloads\\rompecabezas-kinect-c\\vcpkg_installed\\vcpkg\\blds\\sdl2\\x64-windows-dbg\\CMakeFiles\\CMakeScratch\\TryCompile-aolm8k\\src.c
        [2/2] C:\\WINDOWS\\system32\\cmd.exe /C "cd . && "C:\\Program Files\\Microsoft Visual Studio\\2022\\Community\\Common7\\IDE\\CommonExtensions\\Microsoft\\CMake\\CMake\\bin\\cmake.exe" -E vs_link_exe --msvc-ver=1944 --intdir=CMakeFiles\\cmTC_9a998.dir --rc=C:\\PROGRA~2\\WI3CF2~1\\10\\bin\\100261~1.0\\x64\\rc.exe --mt=C:\\PROGRA~2\\WI3CF2~1\\10\\bin\\100261~1.0\\x64\\mt.exe --manifests  -- C:\\PROGRA~1\\MIB055~1\\2022\\COMMUN~1\\VC\\Tools\\MSVC\\1444~1.352\\bin\\Hostx64\\x64\\link.exe /nologo CMakeFiles\\cmTC_9a998.dir\\src.c.obj  /out:cmTC_9a998.exe /implib:cmTC_9a998.lib /pdb:cmTC_9a998.pdb /version:0.0 /machine:x64  /nologo    /debug /INCREMENTAL /subsystem:console  kernel32.lib user32.lib gdi32.lib winspool.lib shell32.lib ole32.lib oleaut32.lib uuid.lib comdlg32.lib advapi32.lib && cd ."
        
      exitCode: 0
  -
    kind: "try_compile-v1"
    backtrace:
      - "C:/Program Files/Microsoft Visual Studio/2022/Community/Common7/IDE/CommonExtensions/Microsoft/CMake/CMake/share/cmake-3.31/Modules/Internal/CheckSourceCompiles.cmake:108 (try_compile)"
      - "C:/Program Files/Microsoft Visual Studio/2022/Community/Common7/IDE/CommonExtensions/Microsoft/CMake/CMake/share/cmake-3.31/Modules/CheckCSourceCompiles.cmake:58 (cmake_check_source_compiles)"
      - "cmake/CheckCPUArchitecture.cmake:17 (check_c_source_compiles)"
      - "cmake/CheckCPUArchitecture.cmake:32 (_internal_check_cpu_architecture)"
      - "CMakeLists.txt:143 (check_cpu_architecture)"
    checks:
      - "Performing Test CHECK_CPU_ARCHITECTURE_ARM32"
    directories:
      source: "C:/Users/jonas/Downloads/rompecabezas-kinect-c/vcpkg_installed/vcpkg/blds/sdl2/x64-windows-dbg/CMakeFiles/CMakeScratch/TryCompile-4c8d1v"
      binary: "C:/Users/jonas/Downloads/rompecabezas-kinect-c/vcpkg_installed/vcpkg/blds/sdl2/x64-windows-dbg/CMakeFiles/CMakeScratch/TryCompile-4c8d1v"
    cmakeVariables:
      CMAKE_C_FLAGS: " /nologo /DWIN32 /D_WINDOWS /utf-8 /MP "
      CMAKE_C_FLAGS_DEBUG: "/MDd /Z7 /Ob0 /Od /RTC1 "
      CMAKE_EXE_LINKER_FLAGS: "/machine:x64"
      CMAKE_MODULE_PATH: "C:/Users/jonas/Downloads/rompecabezas-kinect-c/vcpkg_installed/vcpkg/blds/sdl2/src/se-2.32.10-3b143ac573.clean/cmake"
      CMAKE_MSVC_DEBUG_INFORMATION_FORMAT: ""
      CMAKE_MSVC_RUNTIME_LIBRARY: "MultiThreaded$<$<CONFIG:Debug>:Debug>$<$<STREQUAL:dynamic,dynamic>:DLL>"
      VCPKG_CHAINLOAD_TOOLCHAIN_FILE: "C:/Program Files/Microsoft Visual Studio/2022/Community/VC/vcpkg/scripts/toolchains/windows.cmake"
      VCPKG_CRT_LINKAGE: "dynamic"
      VCPKG_CXX_FLAGS: ""
      VCPKG_CXX_FLAGS_DEBUG: ""
      VCPKG_CXX_FLAGS_RELEASE: ""
      VCPKG_C_FLAGS: ""
      VCPKG_C_FLAGS_DEBUG: ""
      VCPKG_C_FLAGS_RELEASE: ""
      VCPKG_INSTALLED_DIR: "C:/Users/jonas/Downloads/rompecabezas-kinect-c/vcpkg_installed"
      VCPKG_LINKER_FLAGS: ""
      VCPKG_LINKER_FLAGS_DEBUG: ""
      VCPKG_LINKER_FLAGS_RELEASE: ""
      VCPKG_PLATFORM_TOOLSET: "v143"
      VCPKG_PREFER_SYSTEM_LIBS: "OFF"
      VCPKG_SET_CHARSET_FLAG: "ON"
      VCPKG_TARGET_ARCHITECTURE: "x64"
      VCPKG_TARGET_TRIPLET: "x64-windows"
      Z_VCPKG_ROOT_DIR: "C:/Program Files/Microsoft Visual Studio/2022/Community/VC/vcpkg"
    buildResult:
      variable: "CHECK_CPU_ARCHITECTURE_ARM32"
      cached: true
      stdout: |
        Change Dir: 'C:/Users/jonas/Downloads/rompecabezas-kinect-c/vcpkg_installed/vcpkg/blds/sdl2/x64-windows-dbg/CMakeFiles/CMakeScratch/TryCompile-4c8d1v'
        
        Run Build Command(s): "C:/Program Files/Microsoft Visual Studio/2022/Community/Common7/IDE/CommonExtensions/Microsoft/CMake/Ninja/ninja.exe" -v cmTC_0bb70
        [1/2] C:\\PROGRA~1\\MIB055~1\\2022\\COMMUN~1\\VC\\Tools\\MSVC\\1444~1.352\\bin\\Hostx64\\x64\\cl.exe  /nologo -DCHECK_CPU_ARCHITECTURE_ARM32  /nologo /DWIN32 /D_WINDOWS /utf-8 /MP   /MDd /Z7 /Ob0 /Od /RTC1  -MDd /showIncludes /FoCMakeFiles\\cmTC_0bb70.dir\\src.c.obj /FdCMakeFiles\\cmTC_0bb70.dir\\ /FS -c C:\\Users\\jonas\\Downloads\\rompecabezas-kinect-c\\vcpkg_installed\\vcpkg\\blds\\sdl2\\x64-windows-dbg\\CMakeFiles\\CMakeScratch\\TryCompile-4c8d1v\\src.c
        FAILED: CMakeFiles/cmTC_0bb70.dir/src.c.obj 
        C:\\PROGRA~1\\MIB055~1\\2022\\COMMUN~1\\VC\\Tools\\MSVC\\1444~1.352\\bin\\Hostx64\\x64\\cl.exe  /nologo -DCHECK_CPU_ARCHITECTURE_ARM32  /nologo /DWIN32 /D_WINDOWS /utf-8 /MP   /MDd /Z7 /Ob0 /Od /RTC1  -MDd /showIncludes /FoCMakeFiles\\cmTC_0bb70.dir\\src.c.obj /FdCMakeFiles\\cmTC_0bb70.dir\\ /FS -c C:\\Users\\jonas\\Downloads\\rompecabezas-kinect-c\\vcpkg_installed\\vcpkg\\blds\\sdl2\\x64-windows-dbg\\CMakeFiles\\CMakeScratch\\TryCompile-4c8d1v\\src.c
        C:\\Users\\jonas\\Downloads\\rompecabezas-kinect-c\\vcpkg_installed\\vcpkg\\blds\\sdl2\\x64-windows-dbg\\CMakeFiles\\CMakeScratch\\TryCompile-4c8d1v\\src.c(6): error C2065: 'choke': identificador no declarado
        C:\\Users\\jonas\\Downloads\\rompecabezas-kinect-c\\vcpkg_installed\\vcpkg\\blds\\sdl2\\x64-windows-dbg\\CMakeFiles\\CMakeScratch\\TryCompile-4c8d1v\\src.c(8): error C2143: error de sintaxis: falta ';' delante de '}'
        ninja: build stopped: subcommand failed.
        
      exitCode: 1
  -
    kind: "try_compile-v1"
    backtrace:
      - "C:/Program Files/Microsoft Visual Studio/2022/Community/Common7/IDE/CommonExtensions/Microsoft/CMake/CMake/share/cmake-3.31/Modules/Internal/CheckSourceCompiles.cmake:108 (try_compile)"
      - "C:/Program Files/Microsoft Visual Studio/2022/Community/Common7/IDE/CommonExtensions/Microsoft/CMake/CMake/share/cmake-3.31/Modules/CheckCSourceCompiles.cmake:58 (cmake_check_source_compiles)"
      - "cmake/CheckCPUArchitecture.cmake:17 (check_c_source_compiles)"
      - "cmake/CheckCPUArchitecture.cmake:34 (_internal_check_cpu_architecture)"
      - "CMakeLists.txt:144 (check_cpu_architecture)"
    checks:
      - "Performing Test CHECK_CPU_ARCHITECTURE_ARM64"
    directories:
      source: "C:/Users/jonas/Downloads/rompecabezas-kinect-c/vcpkg_installed/vcpkg/blds/sdl2/x64-windows-dbg/CMakeFiles/CMakeScratch/TryCompile-u4luxv"
      binary: "C:/Users/jonas/Downloads/rompecabezas-kinect-c/vcpkg_installed/vcpkg/blds/sdl2/x64-windows-dbg/CMakeFiles/CMakeScratch/TryCompile-u4luxv"
    cmakeVariables:
      CMAKE_C_FLAGS: " /nologo /DWIN32 /D_WINDOWS /utf-8 /MP "
      CMAKE_C_FLAGS_DEBUG: "/MDd /Z7 /Ob0 /Od /RTC1 "
      CMAKE_EXE_LINKER_FLAGS: "/machine:x64"
      CMAKE_MODULE_PATH: "C:/Users/jonas/Downloads/rompecabezas-kinect-c/vcpkg_installed/vcpkg/blds/sdl2/src/se-2.32.10-3b143ac573.clean/cmake"
      CMAKE_MSVC_DEBUG_INFORMATION_FORMAT: ""
      CMAKE_MSVC_RUNTIME_LIBRARY: "MultiThreaded$<$<CONFIG:Debug>:Debug>$<$<STREQUAL:dynamic,dynamic>:DLL>"
      VCPKG_CHAINLOAD_TOOLCHAIN_FILE: "C:/Program Files/Microsoft Visual Studio/2022/Community/VC/vcpkg/scripts/toolchains/windows.cmake"
      VCPKG_CRT_LINKAGE: "dynamic"
      VCPKG_CXX_FLAGS: ""
      VCPKG_CXX_FLAGS_DEBUG: ""
      VCPKG_CXX_FLAGS_RELEASE: ""
      VCPKG_C_FLAGS: ""
      VCPKG_C_FLAGS_DEBUG: ""
      VCPKG_C_FLAGS_RELEASE: ""
      VCPKG_INSTALLED_DIR: "C:/Users/jonas/Downloads/rompecabezas-kinect-c/vcpkg_installed"
      VCPKG_LINKER_FLAGS: ""
      VCPKG_LINKER_FLAGS_DEBUG: ""
      VCPKG_LINKER_FLAGS_RELEASE: ""
      VCPKG_PLATFORM_TOOLSET: "v143"
      VCPKG_PREFER_SYSTEM_LIBS: "OFF"
      VCPKG_SET_CHARSET_FLAG: "ON"
      VCPKG_TARGET_ARCHITECTURE: "x64"
      VCPKG_TARGET_TRIPLET: "x64-windows"
      Z_VCPKG_ROOT_DIR: "C:/Program Files/Microsoft Visual Studio/2022/Community/VC/vcpkg"
    buildResult:
      variable: "CHECK_CPU_ARCHITECTURE_ARM64"
      cached: true
      stdout: |
        Change Dir: 'C:/Users/jonas/Downloads/rompecabezas-kinect-c/vcpkg_installed/vcpkg/blds/sdl2/x64-windows-dbg/CMakeFiles/CMakeScratch/TryCompile-u4luxv'
        
        Run Build Command(s): "C:/Program Files/Microsoft Visual Studio/2022/Community/Common7/IDE/CommonExtensions/Microsoft/CMake/Ninja/ninja.exe" -v cmTC_cbdcd
        [1/2] C:\\PROGRA~1\\MIB055~1\\2022\\COMMUN~1\\VC\\Tools\\MSVC\\1444~1.352\\bin\\Hostx64\\x64\\cl.exe  /nologo -DCHECK_CPU_ARCHITECTURE_ARM64  /nologo /DWIN32 /D_WINDOWS /utf-8 /MP   /MDd /Z7 /Ob0 /Od /RTC1  -MDd /showIncludes /FoCMakeFiles\\cmTC_cbdcd.dir\\src.c.obj /FdCMakeFiles\\cmTC_cbdcd.dir\\ /FS -c C:\\Users\\jonas\\Downloads\\rompecabezas-kinect-c\\vcpkg_installed\\vcpkg\\blds\\sdl2\\x64-windows-dbg\\CMakeFiles\\CMakeScratch\\TryCompile-u4luxv\\src.c
        FAILED: CMakeFiles/cmTC_cbdcd.dir/src.c.obj 
        C:\\PROGRA~1\\MIB055~1\\2022\\COMMUN~1\\VC\\Tools\\MSVC\\1444~1.352\\bin\\Hostx64\\x64\\cl.exe  /nologo -DCHECK_CPU_ARCHITECTURE_ARM64  /nologo /DWIN32 /D_WINDOWS /utf-8 /MP   /MDd /Z7 /Ob0 /Od /RTC1  -MDd /showIncludes /FoCMakeFiles\\cmTC_cbdcd.dir\\src.c.obj /FdCMakeFiles\\cmTC_cbdcd.dir\\ /FS -c C:\\Users\\jonas\\Downloads\\rompecabezas-kinect-c\\vcpkg_installed\\vcpkg\\blds\\sdl2\\x64-windows-dbg\\CMakeFiles\\CMakeScratch\\TryCompile-u4luxv\\src.c
        C:\\Users\\jonas\\Downloads\\rompecabezas-kinect-c\\vcpkg_installed\\vcpkg\\blds\\sdl2\\x64-windows-dbg\\CMakeFiles\\CMakeScratch\\TryCompile-u4luxv\\src.c(6): error C2065: 'choke': identificador no declarado
        C:\\Users\\jonas\\Downloads\\rompecabezas-kinect-c\\vcpkg_installed\\vcpkg\\blds\\sdl2\\x64-windows-dbg\\CMakeFiles\\CMakeScratch\\TryCompile-u4luxv\\src.c(8): error C2143: error de sintaxis: falta ';' delante de '}'
        ninja: build stopped: subcommand failed.
        
      exitCode: 1
  -
    kind: "try_compile-v1"
    backtrace:
      - "C:/Program Files/Microsoft Visual Studio/2022/Community/Common7/IDE/CommonExtensions/Microsoft/CMake/CMake/share/cmake-3.31/Modules/Internal/CheckSourceCompiles.cmake:108 (try_compile)"
      - "C:/Program Files/Microsoft Visual Studio/2022/Community/Common7/IDE/CommonExtensions/Microsoft/CMake/CMake/share/cmake-3.31/Modules/CheckCSourceCompiles.cmake:58 (cmake_check_source_compiles)"
      - "cmake/CheckCPUArchitecture.cmake:17 (check_c_source_compiles)"
      - "cmake/CheckCPUArchitecture.cmake:36 (_internal_check_cpu_architecture)"
      - "CMakeLists.txt:145 (check_cpu_architecture)"
    checks:
      - "Performing Test CHECK_CPU_ARCHITECTURE_ARM64EC"
    directories:
      source: "C:/Users/jonas/Downloads/rompecabezas-kinect-c/vcpkg_installed/vcpkg/blds/sdl2/x64-windows-dbg/CMakeFiles/CMakeScratch/TryCompile-g166f6"
      binary: "C:/Users/jonas/Downloads/rompecabezas-kinect-c/vcpkg_installed/vcpkg/blds/sdl2/x64-windows-dbg/CMakeFiles/CMakeScratch/TryCompile-g166f6"
    cmakeVariables:
      CMAKE_C_FLAGS: " /nologo /DWIN32 /D_WINDOWS /utf-8 /MP "
      CMAKE_C_FLAGS_DEBUG: "/MDd /Z7 /Ob0 /Od /RTC1 "
      CMAKE_EXE_LINKER_FLAGS: "/machine:x64"
      CMAKE_MODULE_PATH: "C:/Users/jonas/Downloads/rompecabezas-kinect-c/vcpkg_installed/vcpkg/blds/sdl2/src/se-2.32.10-3b143ac573.clean/cmake"
      CMAKE_MSVC_DEBUG_INFORMATION_FORMAT: ""
      CMAKE_MSVC_RUNTIME_LIBRARY: "MultiThreaded$<$<CONFIG:Debug>:Debug>$<$<STREQUAL:dynamic,dynamic>:DLL>"
      VCPKG_CHAINLOAD_TOOLCHAIN_FILE: "C:/Program Files/Microsoft Visual Studio/2022/Community/VC/vcpkg/scripts/toolchains/windows.cmake"
      VCPKG_CRT_LINKAGE: "dynamic"
      VCPKG_CXX_FLAGS: ""
      VCPKG_CXX_FLAGS_DEBUG: ""
      VCPKG_CXX_FLAGS_RELEASE: ""
      VCPKG_C_FLAGS: ""
      VCPKG_C_FLAGS_DEBUG: ""
      VCPKG_C_FLAGS_RELEASE: ""
      VCPKG_INSTALLED_DIR: "C:/Users/jonas/Downloads/rompecabezas-kinect-c/vcpkg_installed"
      VCPKG_LINKER_FLAGS: ""
      VCPKG_LINKER_FLAGS_DEBUG: ""
      VCPKG_LINKER_FLAGS_RELEASE: ""
      VCPKG_PLATFORM_TOOLSET: "v143"
      VCPKG_PREFER_SYSTEM_LIBS: "OFF"
      VCPKG_SET_CHARSET_FLAG: "ON"
      VCPKG_TARGET_ARCHITECTURE: "x64"
      VCPKG_TARGET_TRIPLET: "x64-windows"
      Z_VCPKG_ROOT_DIR: "C:/Program Files/Microsoft Visual Studio/2022/Community/VC/vcpkg"
    buildResult:
      variable: "CHECK_CPU_ARCHITECTURE_ARM64EC"
      cached: true
      stdout: |
        Change Dir: 'C:/Users/jonas/Downloads/rompecabezas-kinect-c/vcpkg_installed/vcpkg/blds/sdl2/x64-windows-dbg/CMakeFiles/CMakeScratch/TryCompile-g166f6'
        
        Run Build Command(s): "C:/Program Files/Microsoft Visual Studio/2022/Community/Common7/IDE/CommonExtensions/Microsoft/CMake/Ninja/ninja.exe" -v cmTC_74f64
        [1/2] C:\\PROGRA~1\\MIB055~1\\2022\\COMMUN~1\\VC\\Tools\\MSVC\\1444~1.352\\bin\\Hostx64\\x64\\cl.exe  /nologo -DCHECK_CPU_ARCHITECTURE_ARM64EC  /nologo /DWIN32 /D_WINDOWS /utf-8 /MP   /MDd /Z7 /Ob0 /Od /RTC1  -MDd /showIncludes /FoCMakeFiles\\cmTC_74f64.dir\\src.c.obj /FdCMakeFiles\\cmTC_74f64.dir\\ /FS -c C:\\Users\\jonas\\Downloads\\rompecabezas-kinect-c\\vcpkg_installed\\vcpkg\\blds\\sdl2\\x64-windows-dbg\\CMakeFiles\\CMakeScratch\\TryCompile-g166f6\\src.c
        FAILED: CMakeFiles/cmTC_74f64.dir/src.c.obj 
        C:\\PROGRA~1\\MIB055~1\\2022\\COMMUN~1\\VC\\Tools\\MSVC\\1444~1.352\\bin\\Hostx64\\x64\\cl.exe  /nologo -DCHECK_CPU_ARCHITECTURE_ARM64EC  /nologo /DWIN32 /D_WINDOWS /utf-8 /MP   /MDd /Z7 /Ob0 /Od /RTC1  -MDd /showIncludes /FoCMakeFiles\\cmTC_74f64.dir\\src.c.obj /FdCMakeFiles\\cmTC_74f64.dir\\ /FS -c C:\\Users\\jonas\\Downloads\\rompecabezas-kinect-c\\vcpkg_installed\\vcpkg\\blds\\sdl2\\x64-windows-dbg\\CMakeFiles\\CMakeScratch\\TryCompile-g166f6\\src.c
        C:\\Users\\jonas\\Downloads\\rompecabezas-kinect-c\\vcpkg_installed\\vcpkg\\blds\\sdl2\\x64-windows-dbg\\CMakeFiles\\CMakeScratch\\TryCompile-g166f6\\src.c(6): error C2065: 'choke': identificador no declarado
        C:\\Users\\jonas\\Downloads\\rompecabezas-kinect-c\\vcpkg_installed\\vcpkg\\blds\\sdl2\\x64-windows-dbg\\CMakeFiles\\CMakeScratch\\TryCompile-g166f6\\src.c(8): error C2143: error de sintaxis: falta ';' delante de '}'
        ninja: build stopped: subcommand failed.
        
      exitCode: 1
  -
    kind: "try_compile-v1"
    backtrace:
      - "C:/Program Files/Microsoft Visual Studio/2022/Community/Common7/IDE/CommonExtensions/Microsoft/CMake/CMake/share/cmake-3.31/Modules/Internal/CheckSourceCompiles.cmake:108 (try_compile)"
      - "C:/Program Files/Microsoft Visual Studio/2022/Community/Common7/IDE/CommonExtensions/Microsoft/CMake/CMake/share/cmake-3.31/Modules/CheckCSourceCompiles.cmake:58 (cmake_check_source_compiles)"
      - "cmake/CheckCPUArchitecture.cmake:17 (check_c_source_compiles)"
      - "cmake/CheckCPUArchitecture.cmake:38 (_internal_check_cpu_architecture)"
      - "CMakeLists.txt:146 (check_cpu_architecture)"
    checks:
      - "Performing Test CHECK_CPU_ARCHITECTURE_LOONGARCH64"
    directories:
      source: "C:/Users/jonas/Downloads/rompecabezas-kinect-c/vcpkg_installed/vcpkg/blds/sdl2/x64-windows-dbg/CMakeFiles/CMakeScratch/TryCompile-lgivzm"
      binary: "C:/Users/jonas/Downloads/rompecabezas-kinect-c/vcpkg_installed/vcpkg/blds/sdl2/x64-windows-dbg/CMakeFiles/CMakeScratch/TryCompile-lgivzm"
    cmakeVariables:
      CMAKE_C_FLAGS: " /nologo /DWIN32 /D_WINDOWS /utf-8 /MP "
      CMAKE_C_FLAGS_DEBUG: "/MDd /Z7 /Ob0 /Od /RTC1 "
      CMAKE_EXE_LINKER_FLAGS: "/machine:x64"
      CMAKE_MODULE_PATH: "C:/Users/jonas/Downloads/rompecabezas-kinect-c/vcpkg_installed/vcpkg/blds/sdl2/src/se-2.32.10-3b143ac573.clean/cmake"
      CMAKE_MSVC_DEBUG_INFORMATION_FORMAT: ""
      CMAKE_MSVC_RUNTIME_LIBRARY: "MultiThreaded$<$<CONFIG:Debug>:Debug>$<$<STREQUAL:dynamic,dynamic>:DLL>"
      VCPKG_CHAINLOAD_TOOLCHAIN_FILE: "C:/Program Files/Microsoft Visual Studio/2022/Community/VC/vcpkg/scripts/toolchains/windows.cmake"
      VCPKG_CRT_LINKAGE: "dynamic"
      VCPKG_CXX_FLAGS: ""
      VCPKG_CXX_FLAGS_DEBUG: ""
      VCPKG_CXX_FLAGS_RELEASE: ""
      VCPKG_C_FLAGS: ""
      VCPKG_C_FLAGS_DEBUG: ""
      VCPKG_C_FLAGS_RELEASE: ""
      VCPKG_INSTALLED_DIR: "C:/Users/jonas/Downloads/rompecabezas-kinect-c/vcpkg_installed"
      VCPKG_LINKER_FLAGS: ""
      VCPKG_LINKER_FLAGS_DEBUG: ""
      VCPKG_LINKER_FLAGS_RELEASE: ""
      VCPKG_PLATFORM_TOOLSET: "v143"
      VCPKG_PREFER_SYSTEM_LIBS: "OFF"
      VCPKG_SET_CHARSET_FLAG: "ON"
      VCPKG_TARGET_ARCHITECTURE: "x64"
      VCPKG_TARGET_TRIPLET: "x64-windows"
      Z_VCPKG_ROOT_DIR: "C:/Program Files/Microsoft Visual Studio/2022/Community/VC/vcpkg"
    buildResult:
      variable: "CHECK_CPU_ARCHITECTURE_LOONGARCH64"
      cached: true
      stdout: |
        Change Dir: 'C:/Users/jonas/Downloads/rompecabezas-kinect-c/vcpkg_installed/vcpkg/blds/sdl2/x64-windows-dbg/CMakeFiles/CMakeScratch/TryCompile-lgivzm'
        
        Run Build Command(s): "C:/Program Files/Microsoft Visual Studio/2022/Community/Common7/IDE/CommonExtensions/Microsoft/CMake/Ninja/ninja.exe" -v cmTC_50c50
        [1/2] C:\\PROGRA~1\\MIB055~1\\2022\\COMMUN~1\\VC\\Tools\\MSVC\\1444~1.352\\bin\\Hostx64\\x64\\cl.exe  /nologo -DCHECK_CPU_ARCHITECTURE_LOONGARCH64  /nologo /DWIN32 /D_WINDOWS /utf-8 /MP   /MDd /Z7 /Ob0 /Od /RTC1  -MDd /showIncludes /FoCMakeFiles\\cmTC_50c50.dir\\src.c.obj /FdCMakeFiles\\cmTC_50c50.dir\\ /FS -c C:\\Users\\jonas\\Downloads\\rompecabezas-kinect-c\\vcpkg_installed\\vcpkg\\blds\\sdl2\\x64-windows-dbg\\CMakeFiles\\CMakeScratch\\TryCompile-lgivzm\\src.c
        FAILED: CMakeFiles/cmTC_50c50.dir/src.c.obj 
        C:\\PROGRA~1\\MIB055~1\\2022\\COMMUN~1\\VC\\Tools\\MSVC\\1444~1.352\\bin\\Hostx64\\x64\\cl.exe  /nologo -DCHECK_CPU_ARCHITECTURE_LOONGARCH64  /nologo /DWIN32 /D_WINDOWS /utf-8 /MP   /MDd /Z7 /Ob0 /Od /RTC1  -MDd /showIncludes /FoCMakeFiles\\cmTC_50c50.dir\\src.c.obj /FdCMakeFiles\\cmTC_50c50.dir\\ /FS -c C:\\Users\\jonas\\Downloads\\rompecabezas-kinect-c\\vcpkg_installed\\vcpkg\\blds\\sdl2\\x64-windows-dbg\\CMakeFiles\\CMakeScratch\\TryCompile-lgivzm\\src.c
        C:\\Users\\jonas\\Downloads\\rompecabezas-kinect-c\\vcpkg_installed\\vcpkg\\blds\\sdl2\\x64-windows-dbg\\CMakeFiles\\CMakeScratch\\TryCompile-lgivzm\\src.c(6): error C2065: 'choke': identificador no declarado
        C:\\Users\\jonas\\Downloads\\rompecabezas-kinect-c\\vcpkg_installed\\vcpkg\\blds\\sdl2\\x64-windows-dbg\\CMakeFiles\\CMakeScratch\\TryCompile-lgivzm\\src.c(8): error C2143: error de sintaxis: falta ';' delante de '}'
        ninja: build stopped: subcommand failed.
        
      exitCode: 1
  -
    kind: "try_compile-v1"
    backtrace:
      - "C:/Program Files/Microsoft Visual Studio/2022/Community/Common7/IDE/CommonExtensions/Microsoft/CMake/CMake/share/cmake-3.31/Modules/CheckIncludeFile.cmake:99 (try_compile)"
      - "CMakeLists.txt:1018 (check_include_file)"
    checks:
      - "Looking for immintrin.h"
    directories:
      source: "C:/Users/jonas/Downloads/rompecabezas-kinect-c/vcpkg_installed/vcpkg/blds/sdl2/x64-windows-dbg/CMakeFiles/CMakeScratch/TryCompile-wem64p"
      binary: "C:/Users/jonas/Downloads/rompecabezas-kinect-c/vcpkg_installed/vcpkg/blds/sdl2/x64-windows-dbg/CMakeFiles/CMakeScratch/TryCompile-wem64p"
    cmakeVariables:
      CMAKE_C_FLAGS: " /nologo /DWIN32 /D_WINDOWS /utf-8 /MP "
      CMAKE_C_FLAGS_DEBUG: "/MDd /Z7 /Ob0 /Od /RTC1 "
      CMAKE_EXE_LINKER_FLAGS: "/machine:x64"
      CMAKE_MODULE_PATH: "C:/Users/jonas/Downloads/rompecabezas-kinect-c/vcpkg_installed/vcpkg/blds/sdl2/src/se-2.32.10-3b143ac573.clean/cmake"
      CMAKE_MSVC_DEBUG_INFORMATION_FORMAT: ""
      CMAKE_MSVC_RUNTIME_LIBRARY: "MultiThreaded$<$<CONFIG:Debug>:Debug>$<$<STREQUAL:dynamic,dynamic>:DLL>"
      VCPKG_CHAINLOAD_TOOLCHAIN_FILE: "C:/Program Files/Microsoft Visual Studio/2022/Community/VC/vcpkg/scripts/toolchains/windows.cmake"
      VCPKG_CRT_LINKAGE: "dynamic"
      VCPKG_CXX_FLAGS: ""
      VCPKG_CXX_FLAGS_DEBUG: ""
      VCPKG_CXX_FLAGS_RELEASE: ""
      VCPKG_C_FLAGS: ""
      VCPKG_C_FLAGS_DEBUG: ""
      VCPKG_C_FLAGS_RELEASE: ""
      VCPKG_INSTALLED_DIR: "C:/Users/jonas/Downloads/rompecabezas-kinect-c/vcpkg_installed"
      VCPKG_LINKER_FLAGS: ""
      VCPKG_LINKER_FLAGS_DEBUG: ""
      VCPKG_LINKER_FLAGS_RELEASE: ""
      VCPKG_PLATFORM_TOOLSET: "v143"
      VCPKG_PREFER_SYSTEM_LIBS: "OFF"
      VCPKG_SET_CHARSET_FLAG: "ON"
      VCPKG_TARGET_ARCHITECTURE: "x64"
      VCPKG_TARGET_TRIPLET: "x64-windows"
      Z_VCPKG_ROOT_DIR: "C:/Program Files/Microsoft Visual Studio/2022/Community/VC/vcpkg"
    buildResult:
      variable: "HAVE_IMMINTRIN_H"
      cached: true
      stdout: |
        Change Dir: 'C:/Users/jonas/Downloads/rompecabezas-kinect-c/vcpkg_installed/vcpkg/blds/sdl2/x64-windows-dbg/CMakeFiles/CMakeScratch/TryCompile-wem64p'
        
        Run Build Command(s): "C:/Program Files/Microsoft Visual Studio/2022/Community/Common7/IDE/CommonExtensions/Microsoft/CMake/Ninja/ninja.exe" -v cmTC_63eb6
        [1/2] C:\\PROGRA~1\\MIB055~1\\2022\\COMMUN~1\\VC\\Tools\\MSVC\\1444~1.352\\bin\\Hostx64\\x64\\cl.exe  /nologo   /nologo /DWIN32 /D_WINDOWS /utf-8 /MP   -D_GNU_SOURCE=1 /MDd /Z7 /Ob0 /Od /RTC1  -MDd /showIncludes /FoCMakeFiles\\cmTC_63eb6.dir\\CheckIncludeFile.c.obj /FdCMakeFiles\\cmTC_63eb6.dir\\ /FS -c C:\\Users\\jonas\\Downloads\\rompecabezas-kinect-c\\vcpkg_installed\\vcpkg\\blds\\sdl2\\x64-windows-dbg\\CMakeFiles\\CMakeScratch\\TryCompile-wem64p\\CheckIncludeFile.c
        [2/2] C:\\WINDOWS\\system32\\cmd.exe /C "cd . && "C:\\Program Files\\Microsoft Visual Studio\\2022\\Community\\Common7\\IDE\\CommonExtensions\\Microsoft\\CMake\\CMake\\bin\\cmake.exe" -E vs_link_exe --msvc-ver=1944 --intdir=CMakeFiles\\cmTC_63eb6.dir --rc=C:\\PROGRA~2\\WI3CF2~1\\10\\bin\\100261~1.0\\x64\\rc.exe --mt=C:\\PROGRA~2\\WI3CF2~1\\10\\bin\\100261~1.0\\x64\\mt.exe --manifests  -- C:\\PROGRA~1\\MIB055~1\\2022\\COMMUN~1\\VC\\Tools\\MSVC\\1444~1.352\\bin\\Hostx64\\x64\\link.exe /nologo CMakeFiles\\cmTC_63eb6.dir\\CheckIncludeFile.c.obj  /out:cmTC_63eb6.exe /implib:cmTC_63eb6.lib /pdb:cmTC_63eb6.pdb /version:0.0 /machine:x64  /nologo    /debug /INCREMENTAL /subsystem:console  kernel32.lib user32.lib gdi32.lib winspool.lib shell32.lib ole32.lib oleaut32.lib uuid.lib comdlg32.lib advapi32.lib && cd ."
        
      exitCode: 0
  -
    kind: "try_compile-v1"
    backtrace:
      - "C:/Program Files/Microsoft Visual Studio/2022/Community/Common7/IDE/CommonExtensions/Microsoft/CMake/CMake/share/cmake-3.31/Modules/CheckIncludeFile.cmake:99 (try_compile)"
      - "CMakeLists.txt:1027 (check_include_file)"
    checks:
      - "Looking for stdint.h"
    directories:
      source: "C:/Users/jonas/Downloads/rompecabezas-kinect-c/vcpkg_installed/vcpkg/blds/sdl2/x64-windows-dbg/CMakeFiles/CMakeScratch/TryCompile-jaz8r5"
      binary: "C:/Users/jonas/Downloads/rompecabezas-kinect-c/vcpkg_installed/vcpkg/blds/sdl2/x64-windows-dbg/CMakeFiles/CMakeScratch/TryCompile-jaz8r5"
    cmakeVariables:
      CMAKE_C_FLAGS: " /nologo /DWIN32 /D_WINDOWS /utf-8 /MP "
      CMAKE_C_FLAGS_DEBUG: "/MDd /Z7 /Ob0 /Od /RTC1 "
      CMAKE_EXE_LINKER_FLAGS: "/machine:x64"
      CMAKE_MODULE_PATH: "C:/Users/jonas/Downloads/rompecabezas-kinect-c/vcpkg_installed/vcpkg/blds/sdl2/src/se-2.32.10-3b143ac573.clean/cmake"
      CMAKE_MSVC_DEBUG_INFORMATION_FORMAT: ""
      CMAKE_MSVC_RUNTIME_LIBRARY: "MultiThreaded$<$<CONFIG:Debug>:Debug>$<$<STREQUAL:dynamic,dynamic>:DLL>"
      VCPKG_CHAINLOAD_TOOLCHAIN_FILE: "C:/Program Files/Microsoft Visual Studio/2022/Community/VC/vcpkg/scripts/toolchains/windows.cmake"
      VCPKG_CRT_LINKAGE: "dynamic"
      VCPKG_CXX_FLAGS: ""
      VCPKG_CXX_FLAGS_DEBUG: ""
      VCPKG_CXX_FLAGS_RELEASE: ""
      VCPKG_C_FLAGS: ""
      VCPKG_C_FLAGS_DEBUG: ""
      VCPKG_C_FLAGS_RELEASE: ""
      VCPKG_INSTALLED_DIR: "C:/Users/jonas/Downloads/rompecabezas-kinect-c/vcpkg_installed"
      VCPKG_LINKER_FLAGS: ""
      VCPKG_LINKER_FLAGS_DEBUG: ""
      VCPKG_LINKER_FLAGS_RELEASE: ""
      VCPKG_PLATFORM_TOOLSET: "v143"
      VCPKG_PREFER_SYSTEM_LIBS: "OFF"
      VCPKG_SET_CHARSET_FLAG: "ON"
      VCPKG_TARGET_ARCHITECTURE: "x64"
      VCPKG_TARGET_TRIPLET: "x64-windows"
      Z_VCPKG_ROOT_DIR: "C:/Program Files/Microsoft Visual Studio/2022/Community/VC/vcpkg"
    buildResult:
      variable: "HAVE_STDINT_H"
      cached: true
      stdout: |
        Change Dir: 'C:/Users/jonas/Downloads/rompecabezas-kinect-c/vcpkg_installed/vcpkg/blds/sdl2/x64-windows-dbg/CMakeFiles/CMakeScratch/TryCompile-jaz8r5'
        
        Run Build Command(s): "C:/Program Files/Microsoft Visual Studio/2022/Community/Common7/IDE/CommonExtensions/Microsoft/CMake/Ninja/ninja.exe" -v cmTC_4849d
        [1/2] C:\\PROGRA~1\\MIB055~1\\2022\\COMMUN~1\\VC\\Tools\\MSVC\\1444~1.352\\bin\\Hostx64\\x64\\cl.exe  /nologo   /nologo /DWIN32 /D_WINDOWS /utf-8 /MP   -D_GNU_SOURCE=1 /MDd /Z7 /Ob0 /Od /RTC1  -MDd /showIncludes /FoCMakeFiles\\cmTC_4849d.dir\\CheckIncludeFile.c.obj /FdCMakeFiles\\cmTC_4849d.dir\\ /FS -c C:\\Users\\jonas\\Downloads\\rompecabezas-kinect-c\\vcpkg_installed\\vcpkg\\blds\\sdl2\\x64-windows-dbg\\CMakeFiles\\CMakeScratch\\TryCompile-jaz8r5\\CheckIncludeFile.c
        [2/2] C:\\WINDOWS\\system32\\cmd.exe /C "cd . && "C:\\Program Files\\Microsoft Visual Studio\\2022\\Community\\Common7\\IDE\\CommonExtensions\\Microsoft\\CMake\\CMake\\bin\\cmake.exe" -E vs_link_exe --msvc-ver=1944 --intdir=CMakeFiles\\cmTC_4849d.dir --rc=C:\\PROGRA~2\\WI3CF2~1\\10\\bin\\100261~1.0\\x64\\rc.exe --mt=C:\\PROGRA~2\\WI3CF2~1\\10\\bin\\100261~1.0\\x64\\mt.exe --manifests  -- C:\\PROGRA~1\\MIB055~1\\2022\\COMMUN~1\\VC\\Tools\\MSVC\\1444~1.352\\bin\\Hostx64\\x64\\link.exe /nologo CMakeFiles\\cmTC_4849d.dir\\CheckIncludeFile.c.obj  /out:cmTC_4849d.exe /implib:cmTC_4849d.lib /pdb:cmTC_4849d.pdb /version:0.0 /machine:x64  /nologo    /debug /INCREMENTAL /subsystem:console  kernel32.lib user32.lib gdi32.lib winspool.lib shell32.lib ole32.lib oleaut32.lib uuid.lib comdlg32.lib advapi32.lib && cd ."
        
      exitCode: 0
  -
    kind: "try_compile-v1"
    backtrace:
      - "C:/Program Files/Microsoft Visual Studio/2022/Community/Common7/IDE/CommonExtensions/Microsoft/CMake/CMake/share/cmake-3.31/Modules/CheckSymbolExists.cmake:163 (try_compile)"
      - "C:/Program Files/Microsoft Visual Studio/2022/Community/Common7/IDE/CommonExtensions/Microsoft/CMake/CMake/share/cmake-3.31/Modules/CheckSymbolExists.cmake:68 (__CHECK_SYMBOL_EXISTS_IMPL)"
      - "CMakeLists.txt:1048 (check_symbol_exists)"
    checks:
      - "Looking for M_PI"
    directories:
      source: "C:/Users/jonas/Downloads/rompecabezas-kinect-c/vcpkg_installed/vcpkg/blds/sdl2/x64-windows-dbg/CMakeFiles/CMakeScratch/TryCompile-omq3b7"
      binary: "C:/Users/jonas/Downloads/rompecabezas-kinect-c/vcpkg_installed/vcpkg/blds/sdl2/x64-windows-dbg/CMakeFiles/CMakeScratch/TryCompile-omq3b7"
    cmakeVariables:
      CMAKE_C_FLAGS: " /nologo /DWIN32 /D_WINDOWS /utf-8 /MP "
      CMAKE_C_FLAGS_DEBUG: "/MDd /Z7 /Ob0 /Od /RTC1 "
      CMAKE_EXE_LINKER_FLAGS: "/machine:x64"
      CMAKE_MODULE_PATH: "C:/Users/jonas/Downloads/rompecabezas-kinect-c/vcpkg_installed/vcpkg/blds/sdl2/src/se-2.32.10-3b143ac573.clean/cmake"
      CMAKE_MSVC_DEBUG_INFORMATION_FORMAT: ""
      CMAKE_MSVC_RUNTIME_LIBRARY: "MultiThreaded$<$<CONFIG:Debug>:Debug>$<$<STREQUAL:dynamic,dynamic>:DLL>"
      VCPKG_CHAINLOAD_TOOLCHAIN_FILE: "C:/Program Files/Microsoft Visual Studio/2022/Community/VC/vcpkg/scripts/toolchains/windows.cmake"
      VCPKG_CRT_LINKAGE: "dynamic"
      VCPKG_CXX_FLAGS: ""
      VCPKG_CXX_FLAGS_DEBUG: ""
      VCPKG_CXX_FLAGS_RELEASE: ""
      VCPKG_C_FLAGS: ""
      VCPKG_C_FLAGS_DEBUG: ""
      VCPKG_C_FLAGS_RELEASE: ""
      VCPKG_INSTALLED_DIR: "C:/Users/jonas/Downloads/rompecabezas-kinect-c/vcpkg_installed"
      VCPKG_LINKER_FLAGS: ""
      VCPKG_LINKER_FLAGS_DEBUG: ""
      VCPKG_LINKER_FLAGS_RELEASE: ""
      VCPKG_PLATFORM_TOOLSET: "v143"
      VCPKG_PREFER_SYSTEM_LIBS: "OFF"
      VCPKG_SET_CHARSET_FLAG: "ON"
      VCPKG_TARGET_ARCHITECTURE: "x64"
      VCPKG_TARGET_TRIPLET: "x64-windows"
      Z_VCPKG_ROOT_DIR: "C:/Program Files/Microsoft Visual Studio/2022/Community/VC/vcpkg"
    buildResult:
      variable: "HAVE_M_PI"
      cached: true
      stdout: |
        Change Dir: 'C:/Users/jonas/Downloads/rompecabezas-kinect-c/vcpkg_installed/vcpkg/blds/sdl2/x64-windows-dbg/CMakeFiles/CMakeScratch/TryCompile-omq3b7'
        
        Run Build Command(s): "C:/Program Files/Microsoft Visual Studio/2022/Community/Common7/IDE/CommonExtensions/Microsoft/CMake/Ninja/ninja.exe" -v cmTC_444ae
        [1/2] C:\\PROGRA~1\\MIB055~1\\2022\\COMMUN~1\\VC\\Tools\\MSVC\\1444~1.352\\bin\\Hostx64\\x64\\cl.exe  /nologo   /nologo /DWIN32 /D_WINDOWS /utf-8 /MP   -D_GNU_SOURCE=1 /MDd /Z7 /Ob0 /Od /RTC1  -MDd /showIncludes /FoCMakeFiles\\cmTC_444ae.dir\\CheckSymbolExists.c.obj /FdCMakeFiles\\cmTC_444ae.dir\\ /FS -c C:\\Users\\jonas\\Downloads\\rompecabezas-kinect-c\\vcpkg_installed\\vcpkg\\blds\\sdl2\\x64-windows-dbg\\CMakeFiles\\CMakeScratch\\TryCompile-omq3b7\\CheckSymbolExists.c
        FAILED: CMakeFiles/cmTC_444ae.dir/CheckSymbolExists.c.obj 
        C:\\PROGRA~1\\MIB055~1\\2022\\COMMUN~1\\VC\\Tools\\MSVC\\1444~1.352\\bin\\Hostx64\\x64\\cl.exe  /nologo   /nologo /DWIN32 /D_WINDOWS /utf-8 /MP   -D_GNU_SOURCE=1 /MDd /Z7 /Ob0 /Od /RTC1  -MDd /showIncludes /FoCMakeFiles\\cmTC_444ae.dir\\CheckSymbolExists.c.obj /FdCMakeFiles\\cmTC_444ae.dir\\ /FS -c C:\\Users\\jonas\\Downloads\\rompecabezas-kinect-c\\vcpkg_installed\\vcpkg\\blds\\sdl2\\x64-windows-dbg\\CMakeFiles\\CMakeScratch\\TryCompile-omq3b7\\CheckSymbolExists.c
        C:\\Users\\jonas\\Downloads\\rompecabezas-kinect-c\\vcpkg_installed\\vcpkg\\blds\\sdl2\\x64-windows-dbg\\CMakeFiles\\CMakeScratch\\TryCompile-omq3b7\\CheckSymbolExists.c(8): error C2065: 'M_PI': identificador no declarado
        ninja: build stopped: subcommand failed.
        
      exitCode: 1
  -
    kind: "try_compile-v1"
    backtrace:
      - "C:/Program Files/Microsoft Visual Studio/2022/Community/Common7/IDE/CommonExtensions/Microsoft/CMake/CMake/share/cmake-3.31/Modules/Internal/CheckSourceCompiles.cmake:108 (try_compile)"
      - "C:/Program Files/Microsoft Visual Studio/2022/Community/Common7/IDE/CommonExtensions/Microsoft/CMake/CMake/share/cmake-3.31/Modules/CheckCSourceCompiles.cmake:58 (cmake_check_source_compiles)"
      - "CMakeLists.txt:1788 (check_c_source_compiles)"
    checks:
      - "Performing Test HAVE_WIN32_CC"
    directories:
      source: "C:/Users/jonas/Downloads/rompecabezas-kinect-c/vcpkg_installed/vcpkg/blds/sdl2/x64-windows-dbg/CMakeFiles/CMakeScratch/TryCompile-zlcnpf"
      binary: "C:/Users/jonas/Downloads/rompecabezas-kinect-c/vcpkg_installed/vcpkg/blds/sdl2/x64-windows-dbg/CMakeFiles/CMakeScratch/TryCompile-zlcnpf"
    cmakeVariables:
      CMAKE_C_FLAGS: " /nologo /DWIN32 /D_WINDOWS /utf-8 /MP "
      CMAKE_C_FLAGS_DEBUG: "/MDd /Z7 /Ob0 /Od /RTC1 "
      CMAKE_EXE_LINKER_FLAGS: "/machine:x64"
      CMAKE_MODULE_PATH: "C:/Users/jonas/Downloads/rompecabezas-kinect-c/vcpkg_installed/vcpkg/blds/sdl2/src/se-2.32.10-3b143ac573.clean/cmake"
      CMAKE_MSVC_DEBUG_INFORMATION_FORMAT: ""
      CMAKE_MSVC_RUNTIME_LIBRARY: "MultiThreaded$<$<CONFIG:Debug>:Debug>$<$<STREQUAL:dynamic,dynamic>:DLL>"
      VCPKG_CHAINLOAD_TOOLCHAIN_FILE: "C:/Program Files/Microsoft Visual Studio/2022/Community/VC/vcpkg/scripts/toolchains/windows.cmake"
      VCPKG_CRT_LINKAGE: "dynamic"
      VCPKG_CXX_FLAGS: ""
      VCPKG_CXX_FLAGS_DEBUG: ""
      VCPKG_CXX_FLAGS_RELEASE: ""
      VCPKG_C_FLAGS: ""
      VCPKG_C_FLAGS_DEBUG: ""
      VCPKG_C_FLAGS_RELEASE: ""
      VCPKG_INSTALLED_DIR: "C:/Users/jonas/Downloads/rompecabezas-kinect-c/vcpkg_installed"
      VCPKG_LINKER_FLAGS: ""
      VCPKG_LINKER_FLAGS_DEBUG: ""
      VCPKG_LINKER_FLAGS_RELEASE: ""
      VCPKG_PLATFORM_TOOLSET: "v143"
      VCPKG_PREFER_SYSTEM_LIBS: "OFF"
      VCPKG_SET_CHARSET_FLAG: "ON"
      VCPKG_TARGET_ARCHITECTURE: "x64"
      VCPKG_TARGET_TRIPLET: "x64-windows"
      Z_VCPKG_ROOT_DIR: "C:/Program Files/Microsoft Visual Studio/2022/Community/VC/vcpkg"
    buildResult:
      variable: "HAVE_WIN32_CC"
      cached: true
      stdout: |
        Change Dir: 'C:/Users/jonas/Downloads/rompecabezas-kinect-c/vcpkg_installed/vcpkg/blds/sdl2/x64-windows-dbg/CMakeFiles/CMakeScratch/TryCompile-zlcnpf'
        
        Run Build Command(s): "C:/Program Files/Microsoft Visual Studio/2022/Community/Common7/IDE/CommonExtensions/Microsoft/CMake/Ninja/ninja.exe" -v cmTC_8ca43
        [1/2] C:\\PROGRA~1\\MIB055~1\\2022\\COMMUN~1\\VC\\Tools\\MSVC\\1444~1.352\\bin\\Hostx64\\x64\\cl.exe  /nologo -DHAVE_WIN32_CC  /nologo /DWIN32 /D_WINDOWS /utf-8 /MP   -D_GNU_SOURCE=1 /MDd /Z7 /Ob0 /Od /RTC1  -MDd /showIncludes /FoCMakeFiles\\cmTC_8ca43.dir\\src.c.obj /FdCMakeFiles\\cmTC_8ca43.dir\\ /FS -c C:\\Users\\jonas\\Downloads\\rompecabezas-kinect-c\\vcpkg_installed\\vcpkg\\blds\\sdl2\\x64-windows-dbg\\CMakeFiles\\CMakeScratch\\TryCompile-zlcnpf\\src.c
        [2/2] C:\\WINDOWS\\system32\\cmd.exe /C "cd . && "C:\\Program Files\\Microsoft Visual Studio\\2022\\Community\\Common7\\IDE\\CommonExtensions\\Microsoft\\CMake\\CMake\\bin\\cmake.exe" -E vs_link_exe --msvc-ver=1944 --intdir=CMakeFiles\\cmTC_8ca43.dir --rc=C:\\PROGRA~2\\WI3CF2~1\\10\\bin\\100261~1.0\\x64\\rc.exe --mt=C:\\PROGRA~2\\WI3CF2~1\\10\\bin\\100261~1.0\\x64\\mt.exe --manifests  -- C:\\PROGRA~1\\MIB055~1\\2022\\COMMUN~1\\VC\\Tools\\MSVC\\1444~1.352\\bin\\Hostx64\\x64\\link.exe /nologo CMakeFiles\\cmTC_8ca43.dir\\src.c.obj  /out:cmTC_8ca43.exe /implib:cmTC_8ca43.lib /pdb:cmTC_8ca43.pdb /version:0.0 /machine:x64  /nologo    /debug /INCREMENTAL /subsystem:console  kernel32.lib user32.lib gdi32.lib winspool.lib shell32.lib ole32.lib oleaut32.lib uuid.lib comdlg32.lib advapi32.lib && cd ."
        
      exitCode: 0
  -
    kind: "try_compile-v1"
    backtrace:
      - "C:/Program Files/Microsoft Visual Studio/2022/Community/Common7/IDE/CommonExtensions/Microsoft/CMake/CMake/share/cmake-3.31/Modules/CheckIncludeFile.cmake:99 (try_compile)"
      - "CMakeLists.txt:1823 (check_include_file)"
    checks:
      - "Looking for d3d9.h"
    directories:
      source: "C:/Users/jonas/Downloads/rompecabezas-kinect-c/vcpkg_installed/vcpkg/blds/sdl2/x64-windows-dbg/CMakeFiles/CMakeScratch/TryCompile-3uidqs"
      binary: "C:/Users/jonas/Downloads/rompecabezas-kinect-c/vcpkg_installed/vcpkg/blds/sdl2/x64-windows-dbg/CMakeFiles/CMakeScratch/TryCompile-3uidqs"
    cmakeVariables:
      CMAKE_C_FLAGS: " /nologo /DWIN32 /D_WINDOWS /utf-8 /MP "
      CMAKE_C_FLAGS_DEBUG: "/MDd /Z7 /Ob0 /Od /RTC1 "
      CMAKE_EXE_LINKER_FLAGS: "/machine:x64"
      CMAKE_MODULE_PATH: "C:/Users/jonas/Downloads/rompecabezas-kinect-c/vcpkg_installed/vcpkg/blds/sdl2/src/se-2.32.10-3b143ac573.clean/cmake"
      CMAKE_MSVC_DEBUG_INFORMATION_FORMAT: ""
      CMAKE_MSVC_RUNTIME_LIBRARY: "MultiThreaded$<$<CONFIG:Debug>:Debug>$<$<STREQUAL:dynamic,dynamic>:DLL>"
      VCPKG_CHAINLOAD_TOOLCHAIN_FILE: "C:/Program Files/Microsoft Visual Studio/2022/Community/VC/vcpkg/scripts/toolchains/windows.cmake"
      VCPKG_CRT_LINKAGE: "dynamic"
      VCPKG_CXX_FLAGS: ""
      VCPKG_CXX_FLAGS_DEBUG: ""
      VCPKG_CXX_FLAGS_RELEASE: ""
      VCPKG_C_FLAGS: ""
      VCPKG_C_FLAGS_DEBUG: ""
      VCPKG_C_FLAGS_RELEASE: ""
      VCPKG_INSTALLED_DIR: "C:/Users/jonas/Downloads/rompecabezas-kinect-c/vcpkg_installed"
      VCPKG_LINKER_FLAGS: ""
      VCPKG_LINKER_FLAGS_DEBUG: ""
      VCPKG_LINKER_FLAGS_RELEASE: ""
      VCPKG_PLATFORM_TOOLSET: "v143"
      VCPKG_PREFER_SYSTEM_LIBS: "OFF"
      VCPKG_SET_CHARSET_FLAG: "ON"
      VCPKG_TARGET_ARCHITECTURE: "x64"
      VCPKG_TARGET_TRIPLET: "x64-windows"
      Z_VCPKG_ROOT_DIR: "C:/Program Files/Microsoft Visual Studio/2022/Community/VC/vcpkg"
    buildResult:
      variable: "HAVE_D3D_H"
      cached: true
      stdout: |
        Change Dir: 'C:/Users/jonas/Downloads/rompecabezas-kinect-c/vcpkg_installed/vcpkg/blds/sdl2/x64-windows-dbg/CMakeFiles/CMakeScratch/TryCompile-3uidqs'
        
        Run Build Command(s): "C:/Program Files/Microsoft Visual Studio/2022/Community/Common7/IDE/CommonExtensions/Microsoft/CMake/Ninja/ninja.exe" -v cmTC_4a6a4
        [1/2] C:\\PROGRA~1\\MIB055~1\\2022\\COMMUN~1\\VC\\Tools\\MSVC\\1444~1.352\\bin\\Hostx64\\x64\\cl.exe  /nologo   /nologo /DWIN32 /D_WINDOWS /utf-8 /MP   -D_GNU_SOURCE=1 /MDd /Z7 /Ob0 /Od /RTC1  -MDd /showIncludes /FoCMakeFiles\\cmTC_4a6a4.dir\\CheckIncludeFile.c.obj /FdCMakeFiles\\cmTC_4a6a4.dir\\ /FS -c C:\\Users\\jonas\\Downloads\\rompecabezas-kinect-c\\vcpkg_installed\\vcpkg\\blds\\sdl2\\x64-windows-dbg\\CMakeFiles\\CMakeScratch\\TryCompile-3uidqs\\CheckIncludeFile.c
        [2/2] C:\\WINDOWS\\system32\\cmd.exe /C "cd . && "C:\\Program Files\\Microsoft Visual Studio\\2022\\Community\\Common7\\IDE\\CommonExtensions\\Microsoft\\CMake\\CMake\\bin\\cmake.exe" -E vs_link_exe --msvc-ver=1944 --intdir=CMakeFiles\\cmTC_4a6a4.dir --rc=C:\\PROGRA~2\\WI3CF2~1\\10\\bin\\100261~1.0\\x64\\rc.exe --mt=C:\\PROGRA~2\\WI3CF2~1\\10\\bin\\100261~1.0\\x64\\mt.exe --manifests  -- C:\\PROGRA~1\\MIB055~1\\2022\\COMMUN~1\\VC\\Tools\\MSVC\\1444~1.352\\bin\\Hostx64\\x64\\link.exe /nologo CMakeFiles\\cmTC_4a6a4.dir\\CheckIncludeFile.c.obj  /out:cmTC_4a6a4.exe /implib:cmTC_4a6a4.lib /pdb:cmTC_4a6a4.pdb /version:0.0 /machine:x64  /nologo    /debug /INCREMENTAL /subsystem:console  kernel32.lib user32.lib gdi32.lib winspool.lib shell32.lib ole32.lib oleaut32.lib uuid.lib comdlg32.lib advapi32.lib && cd ."
        
      exitCode: 0
  -
    kind: "try_compile-v1"
    backtrace:
      - "C:/Program Files/Microsoft Visual Studio/2022/Community/Common7/IDE/CommonExtensions/Microsoft/CMake/CMake/share/cmake-3.31/Modules/CheckIncludeFile.cmake:99 (try_compile)"
      - "CMakeLists.txt:1824 (check_include_file)"
    checks:
      - "Looking for d3d11_1.h"
    directories:
      source: "C:/Users/jonas/Downloads/rompecabezas-kinect-c/vcpkg_installed/vcpkg/blds/sdl2/x64-windows-dbg/CMakeFiles/CMakeScratch/TryCompile-li1bjm"
      binary: "C:/Users/jonas/Downloads/rompecabezas-kinect-c/vcpkg_installed/vcpkg/blds/sdl2/x64-windows-dbg/CMakeFiles/CMakeScratch/TryCompile-li1bjm"
    cmakeVariables:
      CMAKE_C_FLAGS: " /nologo /DWIN32 /D_WINDOWS /utf-8 /MP "
      CMAKE_C_FLAGS_DEBUG: "/MDd /Z7 /Ob0 /Od /RTC1 "
      CMAKE_EXE_LINKER_FLAGS: "/machine:x64"
      CMAKE_MODULE_PATH: "C:/Users/jonas/Downloads/rompecabezas-kinect-c/vcpkg_installed/vcpkg/blds/sdl2/src/se-2.32.10-3b143ac573.clean/cmake"
      CMAKE_MSVC_DEBUG_INFORMATION_FORMAT: ""
      CMAKE_MSVC_RUNTIME_LIBRARY: "MultiThreaded$<$<CONFIG:Debug>:Debug>$<$<STREQUAL:dynamic,dynamic>:DLL>"
      VCPKG_CHAINLOAD_TOOLCHAIN_FILE: "C:/Program Files/Microsoft Visual Studio/2022/Community/VC/vcpkg/scripts/toolchains/windows.cmake"
      VCPKG_CRT_LINKAGE: "dynamic"
      VCPKG_CXX_FLAGS: ""
      VCPKG_CXX_FLAGS_DEBUG: ""
      VCPKG_CXX_FLAGS_RELEASE: ""
      VCPKG_C_FLAGS: ""
      VCPKG_C_FLAGS_DEBUG: ""
      VCPKG_C_FLAGS_RELEASE: ""
      VCPKG_INSTALLED_DIR: "C:/Users/jonas/Downloads/rompecabezas-kinect-c/vcpkg_installed"
      VCPKG_LINKER_FLAGS: ""
      VCPKG_LINKER_FLAGS_DEBUG: ""
      VCPKG_LINKER_FLAGS_RELEASE: ""
      VCPKG_PLATFORM_TOOLSET: "v143"
      VCPKG_PREFER_SYSTEM_LIBS: "OFF"
      VCPKG_SET_CHARSET_FLAG: "ON"
      VCPKG_TARGET_ARCHITECTURE: "x64"
      VCPKG_TARGET_TRIPLET: "x64-windows"
      Z_VCPKG_ROOT_DIR: "C:/Program Files/Microsoft Visual Studio/2022/Community/VC/vcpkg"
    buildResult:
      variable: "HAVE_D3D11_H"
      cached: true
      stdout: |
        Change Dir: 'C:/Users/jonas/Downloads/rompecabezas-kinect-c/vcpkg_installed/vcpkg/blds/sdl2/x64-windows-dbg/CMakeFiles/CMakeScratch/TryCompile-li1bjm'
        
        Run Build Command(s): "C:/Program Files/Microsoft Visual Studio/2022/Community/Common7/IDE/CommonExtensions/Microsoft/CMake/Ninja/ninja.exe" -v cmTC_3fd5d
        [1/2] C:\\PROGRA~1\\MIB055~1\\2022\\COMMUN~1\\VC\\Tools\\MSVC\\1444~1.352\\bin\\Hostx64\\x64\\cl.exe  /nologo   /nologo /DWIN32 /D_WINDOWS /utf-8 /MP   -D_GNU_SOURCE=1 /MDd /Z7 /Ob0 /Od /RTC1  -MDd /showIncludes /FoCMakeFiles\\cmTC_3fd5d.dir\\CheckIncludeFile.c.obj /FdCMakeFiles\\cmTC_3fd5d.dir\\ /FS -c C:\\Users\\jonas\\Downloads\\rompecabezas-kinect-c\\vcpkg_installed\\vcpkg\\blds\\sdl2\\x64-windows-dbg\\CMakeFiles\\CMakeScratch\\TryCompile-li1bjm\\CheckIncludeFile.c
        [2/2] C:\\WINDOWS\\system32\\cmd.exe /C "cd . && "C:\\Program Files\\Microsoft Visual Studio\\2022\\Community\\Common7\\IDE\\CommonExtensions\\Microsoft\\CMake\\CMake\\bin\\cmake.exe" -E vs_link_exe --msvc-ver=1944 --intdir=CMakeFiles\\cmTC_3fd5d.dir --rc=C:\\PROGRA~2\\WI3CF2~1\\10\\bin\\100261~1.0\\x64\\rc.exe --mt=C:\\PROGRA~2\\WI3CF2~1\\10\\bin\\100261~1.0\\x64\\mt.exe --manifests  -- C:\\PROGRA~1\\MIB055~1\\2022\\COMMUN~1\\VC\\Tools\\MSVC\\1444~1.352\\bin\\Hostx64\\x64\\link.exe /nologo CMakeFiles\\cmTC_3fd5d.dir\\CheckIncludeFile.c.obj  /out:cmTC_3fd5d.exe /implib:cmTC_3fd5d.lib /pdb:cmTC_3fd5d.pdb /version:0.0 /machine:x64  /nologo    /debug /INCREMENTAL /subsystem:console  kernel32.lib user32.lib gdi32.lib winspool.lib shell32.lib ole32.lib oleaut32.lib uuid.lib comdlg32.lib advapi32.lib && cd ."
        
      exitCode: 0
  -
    kind: "try_compile-v1"
    backtrace:
      - "C:/Program Files/Microsoft Visual Studio/2022/Community/Common7/IDE/CommonExtensions/Microsoft/CMake/CMake/share/cmake-3.31/Modules/Internal/CheckSourceCompiles.cmake:108 (try_compile)"
      - "C:/Program Files/Microsoft Visual Studio/2022/Community/Common7/IDE/CommonExtensions/Microsoft/CMake/CMake/share/cmake-3.31/Modules/CheckCSourceCompiles.cmake:58 (cmake_check_source_compiles)"
      - "CMakeLists.txt:1825 (check_c_source_compiles)"
    checks:
      - "Performing Test HAVE_D3D12_H"
    directories:
      source: "C:/Users/jonas/Downloads/rompecabezas-kinect-c/vcpkg_installed/vcpkg/blds/sdl2/x64-windows-dbg/CMakeFiles/CMakeScratch/TryCompile-mhywwm"
      binary: "C:/Users/jonas/Downloads/rompecabezas-kinect-c/vcpkg_installed/vcpkg/blds/sdl2/x64-windows-dbg/CMakeFiles/CMakeScratch/TryCompile-mhywwm"
    cmakeVariables:
      CMAKE_C_FLAGS: " /nologo /DWIN32 /D_WINDOWS /utf-8 /MP "
      CMAKE_C_FLAGS_DEBUG: "/MDd /Z7 /Ob0 /Od /RTC1 "
      CMAKE_EXE_LINKER_FLAGS: "/machine:x64"
      CMAKE_MODULE_PATH: "C:/Users/jonas/Downloads/rompecabezas-kinect-c/vcpkg_installed/vcpkg/blds/sdl2/src/se-2.32.10-3b143ac573.clean/cmake"
      CMAKE_MSVC_DEBUG_INFORMATION_FORMAT: ""
      CMAKE_MSVC_RUNTIME_LIBRARY: "MultiThreaded$<$<CONFIG:Debug>:Debug>$<$<STREQUAL:dynamic,dynamic>:DLL>"
      VCPKG_CHAINLOAD_TOOLCHAIN_FILE: "C:/Program Files/Microsoft Visual Studio/2022/Community/VC/vcpkg/scripts/toolchains/windows.cmake"
      VCPKG_CRT_LINKAGE: "dynamic"
      VCPKG_CXX_FLAGS: ""
      VCPKG_CXX_FLAGS_DEBUG: ""
      VCPKG_CXX_FLAGS_RELEASE: ""
      VCPKG_C_FLAGS: ""
      VCPKG_C_FLAGS_DEBUG: ""
      VCPKG_C_FLAGS_RELEASE: ""
      VCPKG_INSTALLED_DIR: "C:/Users/jonas/Downloads/rompecabezas-kinect-c/vcpkg_installed"
      VCPKG_LINKER_FLAGS: ""
      VCPKG_LINKER_FLAGS_DEBUG: ""
      VCPKG_LINKER_FLAGS_RELEASE: ""
      VCPKG_PLATFORM_TOOLSET: "v143"
      VCPKG_PREFER_SYSTEM_LIBS: "OFF"
      VCPKG_SET_CHARSET_FLAG: "ON"
      VCPKG_TARGET_ARCHITECTURE: "x64"
      VCPKG_TARGET_TRIPLET: "x64-windows"
      Z_VCPKG_ROOT_DIR: "C:/Program Files/Microsoft Visual Studio/2022/Community/VC/vcpkg"
    buildResult:
      variable: "HAVE_D3D12_H"
      cached: true
      stdout: |
        Change Dir: 'C:/Users/jonas/Downloads/rompecabezas-kinect-c/vcpkg_installed/vcpkg/blds/sdl2/x64-windows-dbg/CMakeFiles/CMakeScratch/TryCompile-mhywwm'
        
        Run Build Command(s): "C:/Program Files/Microsoft Visual Studio/2022/Community/Common7/IDE/CommonExtensions/Microsoft/CMake/Ninja/ninja.exe" -v cmTC_548c1
        [1/2] C:\\PROGRA~1\\MIB055~1\\2022\\COMMUN~1\\VC\\Tools\\MSVC\\1444~1.352\\bin\\Hostx64\\x64\\cl.exe  /nologo -DHAVE_D3D12_H  /nologo /DWIN32 /D_WINDOWS /utf-8 /MP   -D_GNU_SOURCE=1 /MDd /Z7 /Ob0 /Od /RTC1  -MDd /showIncludes /FoCMakeFiles\\cmTC_548c1.dir\\src.c.obj /FdCMakeFiles\\cmTC_548c1.dir\\ /FS -c C:\\Users\\jonas\\Downloads\\rompecabezas-kinect-c\\vcpkg_installed\\vcpkg\\blds\\sdl2\\x64-windows-dbg\\CMakeFiles\\CMakeScratch\\TryCompile-mhywwm\\src.c
        [2/2] C:\\WINDOWS\\system32\\cmd.exe /C "cd . && "C:\\Program Files\\Microsoft Visual Studio\\2022\\Community\\Common7\\IDE\\CommonExtensions\\Microsoft\\CMake\\CMake\\bin\\cmake.exe" -E vs_link_exe --msvc-ver=1944 --intdir=CMakeFiles\\cmTC_548c1.dir --rc=C:\\PROGRA~2\\WI3CF2~1\\10\\bin\\100261~1.0\\x64\\rc.exe --mt=C:\\PROGRA~2\\WI3CF2~1\\10\\bin\\100261~1.0\\x64\\mt.exe --manifests  -- C:\\PROGRA~1\\MIB055~1\\2022\\COMMUN~1\\VC\\Tools\\MSVC\\1444~1.352\\bin\\Hostx64\\x64\\link.exe /nologo CMakeFiles\\cmTC_548c1.dir\\src.c.obj  /out:cmTC_548c1.exe /implib:cmTC_548c1.lib /pdb:cmTC_548c1.pdb /version:0.0 /machine:x64  /nologo    /debug /INCREMENTAL /subsystem:console  kernel32.lib user32.lib gdi32.lib winspool.lib shell32.lib ole32.lib oleaut32.lib uuid.lib comdlg32.lib advapi32.lib && cd ."
        
      exitCode: 0
  -
    kind: "try_compile-v1"
    backtrace:
      - "C:/Program Files/Microsoft Visual Studio/2022/Community/Common7/IDE/CommonExtensions/Microsoft/CMake/CMake/share/cmake-3.31/Modules/CheckIncludeFile.cmake:99 (try_compile)"
      - "CMakeLists.txt:1831 (check_include_file)"
    checks:
      - "Looking for ddraw.h"
    directories:
      source: "C:/Users/jonas/Downloads/rompecabezas-kinect-c/vcpkg_installed/vcpkg/blds/sdl2/x64-windows-dbg/CMakeFiles/CMakeScratch/TryCompile-f215hf"
      binary: "C:/Users/jonas/Downloads/rompecabezas-kinect-c/vcpkg_installed/vcpkg/blds/sdl2/x64-windows-dbg/CMakeFiles/CMakeScratch/TryCompile-f215hf"
    cmakeVariables:
      CMAKE_C_FLAGS: " /nologo /DWIN32 /D_WINDOWS /utf-8 /MP "
      CMAKE_C_FLAGS_DEBUG: "/MDd /Z7 /Ob0 /Od /RTC1 "
      CMAKE_EXE_LINKER_FLAGS: "/machine:x64"
      CMAKE_MODULE_PATH: "C:/Users/jonas/Downloads/rompecabezas-kinect-c/vcpkg_installed/vcpkg/blds/sdl2/src/se-2.32.10-3b143ac573.clean/cmake"
      CMAKE_MSVC_DEBUG_INFORMATION_FORMAT: ""
      CMAKE_MSVC_RUNTIME_LIBRARY: "MultiThreaded$<$<CONFIG:Debug>:Debug>$<$<STREQUAL:dynamic,dynamic>:DLL>"
      VCPKG_CHAINLOAD_TOOLCHAIN_FILE: "C:/Program Files/Microsoft Visual Studio/2022/Community/VC/vcpkg/scripts/toolchains/windows.cmake"
      VCPKG_CRT_LINKAGE: "dynamic"
      VCPKG_CXX_FLAGS: ""
      VCPKG_CXX_FLAGS_DEBUG: ""
      VCPKG_CXX_FLAGS_RELEASE: ""
      VCPKG_C_FLAGS: ""
      VCPKG_C_FLAGS_DEBUG: ""
      VCPKG_C_FLAGS_RELEASE: ""
      VCPKG_INSTALLED_DIR: "C:/Users/jonas/Downloads/rompecabezas-kinect-c/vcpkg_installed"
      VCPKG_LINKER_FLAGS: ""
      VCPKG_LINKER_FLAGS_DEBUG: ""
      VCPKG_LINKER_FLAGS_RELEASE: ""
      VCPKG_PLATFORM_TOOLSET: "v143"
      VCPKG_PREFER_SYSTEM_LIBS: "OFF"
      VCPKG_SET_CHARSET_FLAG: "ON"
      VCPKG_TARGET_ARCHITECTURE: "x64"
      VCPKG_TARGET_TRIPLET: "x64-windows"
      Z_VCPKG_ROOT_DIR: "C:/Program Files/Microsoft Visual Studio/2022/Community/VC/vcpkg"
    buildResult:
      variable: "HAVE_DDRAW_H"
      cached: true
      stdout: |
        Change Dir: 'C:/Users/jonas/Downloads/rompecabezas-kinect-c/vcpkg_installed/vcpkg/blds/sdl2/x64-windows-dbg/CMakeFiles/CMakeScratch/TryCompile-f215hf'
        
        Run Build Command(s): "C:/Program Files/Microsoft Visual Studio/2022/Community/Common7/IDE/CommonExtensions/Microsoft/CMake/Ninja/ninja.exe" -v cmTC_c97cc
        [1/2] C:\\PROGRA~1\\MIB055~1\\2022\\COMMUN~1\\VC\\Tools\\MSVC\\1444~1.352\\bin\\Hostx64\\x64\\cl.exe  /nologo   /nologo /DWIN32 /D_WINDOWS /utf-8 /MP   -D_GNU_SOURCE=1 /MDd /Z7 /Ob0 /Od /RTC1  -MDd /showIncludes /FoCMakeFiles\\cmTC_c97cc.dir\\CheckIncludeFile.c.obj /FdCMakeFiles\\cmTC_c97cc.dir\\ /FS -c C:\\Users\\jonas\\Downloads\\rompecabezas-kinect-c\\vcpkg_installed\\vcpkg\\blds\\sdl2\\x64-windows-dbg\\CMakeFiles\\CMakeScratch\\TryCompile-f215hf\\CheckIncludeFile.c
        [2/2] C:\\WINDOWS\\system32\\cmd.exe /C "cd . && "C:\\Program Files\\Microsoft Visual Studio\\2022\\Community\\Common7\\IDE\\CommonExtensions\\Microsoft\\CMake\\CMake\\bin\\cmake.exe" -E vs_link_exe --msvc-ver=1944 --intdir=CMakeFiles\\cmTC_c97cc.dir --rc=C:\\PROGRA~2\\WI3CF2~1\\10\\bin\\100261~1.0\\x64\\rc.exe --mt=C:\\PROGRA~2\\WI3CF2~1\\10\\bin\\100261~1.0\\x64\\mt.exe --manifests  -- C:\\PROGRA~1\\MIB055~1\\2022\\COMMUN~1\\VC\\Tools\\MSVC\\1444~1.352\\bin\\Hostx64\\x64\\link.exe /nologo CMakeFiles\\cmTC_c97cc.dir\\CheckIncludeFile.c.obj  /out:cmTC_c97cc.exe /implib:cmTC_c97cc.lib /pdb:cmTC_c97cc.pdb /version:0.0 /machine:x64  /nologo    /debug /INCREMENTAL /subsystem:console  kernel32.lib user32.lib gdi32.lib winspool.lib shell32.lib ole32.lib oleaut32.lib uuid.lib comdlg32.lib advapi32.lib && cd ."
        
      exitCode: 0
  -
    kind: "try_compile-v1"
    backtrace:
      - "C:/Program Files/Microsoft Visual Studio/2022/Community/Common7/IDE/CommonExtensions/Microsoft/CMake/CMake/share/cmake-3.31/Modules/CheckIncludeFile.cmake:99 (try_compile)"
      - "CMakeLists.txt:1832 (check_include_file)"
    checks:
      - "Looking for dsound.h"
    directories:
      source: "C:/Users/jonas/Downloads/rompecabezas-kinect-c/vcpkg_installed/vcpkg/blds/sdl2/x64-windows-dbg/CMakeFiles/CMakeScratch/TryCompile-8vxpvi"
      binary: "C:/Users/jonas/Downloads/rompecabezas-kinect-c/vcpkg_installed/vcpkg/blds/sdl2/x64-windows-dbg/CMakeFiles/CMakeScratch/TryCompile-8vxpvi"
    cmakeVariables:
      CMAKE_C_FLAGS: " /nologo /DWIN32 /D_WINDOWS /utf-8 /MP "
      CMAKE_C_FLAGS_DEBUG: "/MDd /Z7 /Ob0 /Od /RTC1 "
      CMAKE_EXE_LINKER_FLAGS: "/machine:x64"
      CMAKE_MODULE_PATH: "C:/Users/jonas/Downloads/rompecabezas-kinect-c/vcpkg_installed/vcpkg/blds/sdl2/src/se-2.32.10-3b143ac573.clean/cmake"
      CMAKE_MSVC_DEBUG_INFORMATION_FORMAT: ""
      CMAKE_MSVC_RUNTIME_LIBRARY: "MultiThreaded$<$<CONFIG:Debug>:Debug>$<$<STREQUAL:dynamic,dynamic>:DLL>"
      VCPKG_CHAINLOAD_TOOLCHAIN_FILE: "C:/Program Files/Microsoft Visual Studio/2022/Community/VC/vcpkg/scripts/toolchains/windows.cmake"
      VCPKG_CRT_LINKAGE: "dynamic"
      VCPKG_CXX_FLAGS: ""
      VCPKG_CXX_FLAGS_DEBUG: ""
      VCPKG_CXX_FLAGS_RELEASE: ""
      VCPKG_C_FLAGS: ""
      VCPKG_C_FLAGS_DEBUG: ""
      VCPKG_C_FLAGS_RELEASE: ""
      VCPKG_INSTALLED_DIR: "C:/Users/jonas/Downloads/rompecabezas-kinect-c/vcpkg_installed"
      VCPKG_LINKER_FLAGS: ""
      VCPKG_LINKER_FLAGS_DEBUG: ""
      VCPKG_LINKER_FLAGS_RELEASE: ""
      VCPKG_PLATFORM_TOOLSET: "v143"
      VCPKG_PREFER_SYSTEM_LIBS: "OFF"
      VCPKG_SET_CHARSET_FLAG: "ON"
      VCPKG_TARGET_ARCHITECTURE: "x64"
      VCPKG_TARGET_TRIPLET: "x64-windows"
      Z_VCPKG_ROOT_DIR: "C:/Program Files/Microsoft Visual Studio/2022/Community/VC/vcpkg"
    buildResult:
      variable: "HAVE_DSOUND_H"
      cached: true
      stdout: |
        Change Dir: 'C:/Users/jonas/Downloads/rompecabezas-kinect-c/vcpkg_installed/vcpkg/blds/sdl2/x64-windows-dbg/CMakeFiles/CMakeScratch/TryCompile-8vxpvi'
        
        Run Build Command(s): "C:/Program Files/Microsoft Visual Studio/2022/Community/Common7/IDE/CommonExtensions/Microsoft/CMake/Ninja/ninja.exe" -v cmTC_12c50
        [1/2] C:\\PROGRA~1\\MIB055~1\\2022\\COMMUN~1\\VC\\Tools\\MSVC\\1444~1.352\\bin\\Hostx64\\x64\\cl.exe  /nologo   /nologo /DWIN32 /D_WINDOWS /utf-8 /MP   -D_GNU_SOURCE=1 /MDd /Z7 /Ob0 /Od /RTC1  -MDd /showIncludes /FoCMakeFiles\\cmTC_12c50.dir\\CheckIncludeFile.c.obj /FdCMakeFiles\\cmTC_12c50.dir\\ /FS -c C:\\Users\\jonas\\Downloads\\rompecabezas-kinect-c\\vcpkg_installed\\vcpkg\\blds\\sdl2\\x64-windows-dbg\\CMakeFiles\\CMakeScratch\\TryCompile-8vxpvi\\CheckIncludeFile.c
        [2/2] C:\\WINDOWS\\system32\\cmd.exe /C "cd . && "C:\\Program Files\\Microsoft Visual Studio\\2022\\Community\\Common7\\IDE\\CommonExtensions\\Microsoft\\CMake\\CMake\\bin\\cmake.exe" -E vs_link_exe --msvc-ver=1944 --intdir=CMakeFiles\\cmTC_12c50.dir --rc=C:\\PROGRA~2\\WI3CF2~1\\10\\bin\\100261~1.0\\x64\\rc.exe --mt=C:\\PROGRA~2\\WI3CF2~1\\10\\bin\\100261~1.0\\x64\\mt.exe --manifests  -- C:\\PROGRA~1\\MIB055~1\\2022\\COMMUN~1\\VC\\Tools\\MSVC\\1444~1.352\\bin\\Hostx64\\x64\\link.exe /nologo CMakeFiles\\cmTC_12c50.dir\\CheckIncludeFile.c.obj  /out:cmTC_12c50.exe /implib:cmTC_12c50.lib /pdb:cmTC_12c50.pdb /version:0.0 /machine:x64  /nologo    /debug /INCREMENTAL /subsystem:console  kernel32.lib user32.lib gdi32.lib winspool.lib shell32.lib ole32.lib oleaut32.lib uuid.lib comdlg32.lib advapi32.lib && cd ."
        
      exitCode: 0
  -
    kind: "try_compile-v1"
    backtrace:
      - "C:/Program Files/Microsoft Visual Studio/2022/Community/Common7/IDE/CommonExtensions/Microsoft/CMake/CMake/share/cmake-3.31/Modules/CheckIncludeFile.cmake:99 (try_compile)"
      - "CMakeLists.txt:1833 (check_include_file)"
    checks:
      - "Looking for dinput.h"
    directories:
      source: "C:/Users/jonas/Downloads/rompecabezas-kinect-c/vcpkg_installed/vcpkg/blds/sdl2/x64-windows-dbg/CMakeFiles/CMakeScratch/TryCompile-q2crq4"
      binary: "C:/Users/jonas/Downloads/rompecabezas-kinect-c/vcpkg_installed/vcpkg/blds/sdl2/x64-windows-dbg/CMakeFiles/CMakeScratch/TryCompile-q2crq4"
    cmakeVariables:
      CMAKE_C_FLAGS: " /nologo /DWIN32 /D_WINDOWS /utf-8 /MP "
      CMAKE_C_FLAGS_DEBUG: "/MDd /Z7 /Ob0 /Od /RTC1 "
      CMAKE_EXE_LINKER_FLAGS: "/machine:x64"
      CMAKE_MODULE_PATH: "C:/Users/jonas/Downloads/rompecabezas-kinect-c/vcpkg_installed/vcpkg/blds/sdl2/src/se-2.32.10-3b143ac573.clean/cmake"
      CMAKE_MSVC_DEBUG_INFORMATION_FORMAT: ""
      CMAKE_MSVC_RUNTIME_LIBRARY: "MultiThreaded$<$<CONFIG:Debug>:Debug>$<$<STREQUAL:dynamic,dynamic>:DLL>"
      VCPKG_CHAINLOAD_TOOLCHAIN_FILE: "C:/Program Files/Microsoft Visual Studio/2022/Community/VC/vcpkg/scripts/toolchains/windows.cmake"
      VCPKG_CRT_LINKAGE: "dynamic"
      VCPKG_CXX_FLAGS: ""
      VCPKG_CXX_FLAGS_DEBUG: ""
      VCPKG_CXX_FLAGS_RELEASE: ""
      VCPKG_C_FLAGS: ""
      VCPKG_C_FLAGS_DEBUG: ""
      VCPKG_C_FLAGS_RELEASE: ""
      VCPKG_INSTALLED_DIR: "C:/Users/jonas/Downloads/rompecabezas-kinect-c/vcpkg_installed"
      VCPKG_LINKER_FLAGS: ""
      VCPKG_LINKER_FLAGS_DEBUG: ""
      VCPKG_LINKER_FLAGS_RELEASE: ""
      VCPKG_PLATFORM_TOOLSET: "v143"
      VCPKG_PREFER_SYSTEM_LIBS: "OFF"
      VCPKG_SET_CHARSET_FLAG: "ON"
      VCPKG_TARGET_ARCHITECTURE: "x64"
      VCPKG_TARGET_TRIPLET: "x64-windows"
      Z_VCPKG_ROOT_DIR: "C:/Program Files/Microsoft Visual Studio/2022/Community/VC/vcpkg"
    buildResult:
      variable: "HAVE_DINPUT_H"
      cached: true
      stdout: |
        Change Dir: 'C:/Users/jonas/Downloads/rompecabezas-kinect-c/vcpkg_installed/vcpkg/blds/sdl2/x64-windows-dbg/CMakeFiles/CMakeScratch/TryCompile-q2crq4'
        
        Run Build Command(s): "C:/Program Files/Microsoft Visual Studio/2022/Community/Common7/IDE/CommonExtensions/Microsoft/CMake/Ninja/ninja.exe" -v cmTC_ccbcd
        [1/2] C:\\PROGRA~1\\MIB055~1\\2022\\COMMUN~1\\VC\\Tools\\MSVC\\1444~1.352\\bin\\Hostx64\\x64\\cl.exe  /nologo   /nologo /DWIN32 /D_WINDOWS /utf-8 /MP   -D_GNU_SOURCE=1 /MDd /Z7 /Ob0 /Od /RTC1  -MDd /showIncludes /FoCMakeFiles\\cmTC_ccbcd.dir\\CheckIncludeFile.c.obj /FdCMakeFiles\\cmTC_ccbcd.dir\\ /FS -c C:\\Users\\jonas\\Downloads\\rompecabezas-kinect-c\\vcpkg_installed\\vcpkg\\blds\\sdl2\\x64-windows-dbg\\CMakeFiles\\CMakeScratch\\TryCompile-q2crq4\\CheckIncludeFile.c
        C:\\Program Files (x86)\\Windows Kits\\10\\include\\10.0.26100.0\\um\\dinput.h: DIRECTINPUT_VERSION undefined. Defaulting to version 0x0800
        [2/2] C:\\WINDOWS\\system32\\cmd.exe /C "cd . && "C:\\Program Files\\Microsoft Visual Studio\\2022\\Community\\Common7\\IDE\\CommonExtensions\\Microsoft\\CMake\\CMake\\bin\\cmake.exe" -E vs_link_exe --msvc-ver=1944 --intdir=CMakeFiles\\cmTC_ccbcd.dir --rc=C:\\PROGRA~2\\WI3CF2~1\\10\\bin\\100261~1.0\\x64\\rc.exe --mt=C:\\PROGRA~2\\WI3CF2~1\\10\\bin\\100261~1.0\\x64\\mt.exe --manifests  -- C:\\PROGRA~1\\MIB055~1\\2022\\COMMUN~1\\VC\\Tools\\MSVC\\1444~1.352\\bin\\Hostx64\\x64\\link.exe /nologo CMakeFiles\\cmTC_ccbcd.dir\\CheckIncludeFile.c.obj  /out:cmTC_ccbcd.exe /implib:cmTC_ccbcd.lib /pdb:cmTC_ccbcd.pdb /version:0.0 /machine:x64  /nologo    /debug /INCREMENTAL /subsystem:console  kernel32.lib user32.lib gdi32.lib winspool.lib shell32.lib ole32.lib oleaut32.lib uuid.lib comdlg32.lib advapi32.lib && cd ."
        
      exitCode: 0
  -
    kind: "try_compile-v1"
    backtrace:
      - "C:/Program Files/Microsoft Visual Studio/2022/Community/Common7/IDE/CommonExtensions/Microsoft/CMake/CMake/share/cmake-3.31/Modules/CheckIncludeFile.cmake:99 (try_compile)"
      - "CMakeLists.txt:1837 (check_include_file)"
    checks:
      - "Looking for dxgi.h"
    directories:
      source: "C:/Users/jonas/Downloads/rompecabezas-kinect-c/vcpkg_installed/vcpkg/blds/sdl2/x64-windows-dbg/CMakeFiles/CMakeScratch/TryCompile-kgmuag"
      binary: "C:/Users/jonas/Downloads/rompecabezas-kinect-c/vcpkg_installed/vcpkg/blds/sdl2/x64-windows-dbg/CMakeFiles/CMakeScratch/TryCompile-kgmuag"
    cmakeVariables:
      CMAKE_C_FLAGS: " /nologo /DWIN32 /D_WINDOWS /utf-8 /MP "
      CMAKE_C_FLAGS_DEBUG: "/MDd /Z7 /Ob0 /Od /RTC1 "
      CMAKE_EXE_LINKER_FLAGS: "/machine:x64"
      CMAKE_MODULE_PATH: "C:/Users/jonas/Downloads/rompecabezas-kinect-c/vcpkg_installed/vcpkg/blds/sdl2/src/se-2.32.10-3b143ac573.clean/cmake"
      CMAKE_MSVC_DEBUG_INFORMATION_FORMAT: ""
      CMAKE_MSVC_RUNTIME_LIBRARY: "MultiThreaded$<$<CONFIG:Debug>:Debug>$<$<STREQUAL:dynamic,dynamic>:DLL>"
      VCPKG_CHAINLOAD_TOOLCHAIN_FILE: "C:/Program Files/Microsoft Visual Studio/2022/Community/VC/vcpkg/scripts/toolchains/windows.cmake"
      VCPKG_CRT_LINKAGE: "dynamic"
      VCPKG_CXX_FLAGS: ""
      VCPKG_CXX_FLAGS_DEBUG: ""
      VCPKG_CXX_FLAGS_RELEASE: ""
      VCPKG_C_FLAGS: ""
      VCPKG_C_FLAGS_DEBUG: ""
      VCPKG_C_FLAGS_RELEASE: ""
      VCPKG_INSTALLED_DIR: "C:/Users/jonas/Downloads/rompecabezas-kinect-c/vcpkg_installed"
      VCPKG_LINKER_FLAGS: ""
      VCPKG_LINKER_FLAGS_DEBUG: ""
      VCPKG_LINKER_FLAGS_RELEASE: ""
      VCPKG_PLATFORM_TOOLSET: "v143"
      VCPKG_PREFER_SYSTEM_LIBS: "OFF"
      VCPKG_SET_CHARSET_FLAG: "ON"
      VCPKG_TARGET_ARCHITECTURE: "x64"
      VCPKG_TARGET_TRIPLET: "x64-windows"
      Z_VCPKG_ROOT_DIR: "C:/Program Files/Microsoft Visual Studio/2022/Community/VC/vcpkg"
    buildResult:
      variable: "HAVE_DXGI_H"
      cached: true
      stdout: |
        Change Dir: 'C:/Users/jonas/Downloads/rompecabezas-kinect-c/vcpkg_installed/vcpkg/blds/sdl2/x64-windows-dbg/CMakeFiles/CMakeScratch/TryCompile-kgmuag'
        
        Run Build Command(s): "C:/Program Files/Microsoft Visual Studio/2022/Community/Common7/IDE/CommonExtensions/Microsoft/CMake/Ninja/ninja.exe" -v cmTC_a5c8b
        [1/2] C:\\PROGRA~1\\MIB055~1\\2022\\COMMUN~1\\VC\\Tools\\MSVC\\1444~1.352\\bin\\Hostx64\\x64\\cl.exe  /nologo   /nologo /DWIN32 /D_WINDOWS /utf-8 /MP   -D_GNU_SOURCE=1 /MDd /Z7 /Ob0 /Od /RTC1  -MDd /showIncludes /FoCMakeFiles\\cmTC_a5c8b.dir\\CheckIncludeFile.c.obj /FdCMakeFiles\\cmTC_a5c8b.dir\\ /FS -c C:\\Users\\jonas\\Downloads\\rompecabezas-kinect-c\\vcpkg_installed\\vcpkg\\blds\\sdl2\\x64-windows-dbg\\CMakeFiles\\CMakeScratch\\TryCompile-kgmuag\\CheckIncludeFile.c
        [2/2] C:\\WINDOWS\\system32\\cmd.exe /C "cd . && "C:\\Program Files\\Microsoft Visual Studio\\2022\\Community\\Common7\\IDE\\CommonExtensions\\Microsoft\\CMake\\CMake\\bin\\cmake.exe" -E vs_link_exe --msvc-ver=1944 --intdir=CMakeFiles\\cmTC_a5c8b.dir --rc=C:\\PROGRA~2\\WI3CF2~1\\10\\bin\\100261~1.0\\x64\\rc.exe --mt=C:\\PROGRA~2\\WI3CF2~1\\10\\bin\\100261~1.0\\x64\\mt.exe --manifests  -- C:\\PROGRA~1\\MIB055~1\\2022\\COMMUN~1\\VC\\Tools\\MSVC\\1444~1.352\\bin\\Hostx64\\x64\\link.exe /nologo CMakeFiles\\cmTC_a5c8b.dir\\CheckIncludeFile.c.obj  /out:cmTC_a5c8b.exe /implib:cmTC_a5c8b.lib /pdb:cmTC_a5c8b.pdb /version:0.0 /machine:x64  /nologo    /debug /INCREMENTAL /subsystem:console  kernel32.lib user32.lib gdi32.lib winspool.lib shell32.lib ole32.lib oleaut32.lib uuid.lib comdlg32.lib advapi32.lib && cd ."
        
      exitCode: 0
  -
    kind: "try_compile-v1"
    backtrace:
      - "C:/Program Files/Microsoft Visual Studio/2022/Community/Common7/IDE/CommonExtensions/Microsoft/CMake/CMake/share/cmake-3.31/Modules/Internal/CheckSourceCompiles.cmake:108 (try_compile)"
      - "C:/Program Files/Microsoft Visual Studio/2022/Community/Common7/IDE/CommonExtensions/Microsoft/CMake/CMake/share/cmake-3.31/Modules/CheckCSourceCompiles.cmake:58 (cmake_check_source_compiles)"
      - "CMakeLists.txt:1853 (check_c_source_compiles)"
    checks:
      - "Performing Test HAVE_XINPUT_H"
    directories:
      source: "C:/Users/jonas/Downloads/rompecabezas-kinect-c/vcpkg_installed/vcpkg/blds/sdl2/x64-windows-dbg/CMakeFiles/CMakeScratch/TryCompile-gy6afu"
      binary: "C:/Users/jonas/Downloads/rompecabezas-kinect-c/vcpkg_installed/vcpkg/blds/sdl2/x64-windows-dbg/CMakeFiles/CMakeScratch/TryCompile-gy6afu"
    cmakeVariables:
      CMAKE_C_FLAGS: " /nologo /DWIN32 /D_WINDOWS /utf-8 /MP "
      CMAKE_C_FLAGS_DEBUG: "/MDd /Z7 /Ob0 /Od /RTC1 "
      CMAKE_EXE_LINKER_FLAGS: "/machine:x64"
      CMAKE_MODULE_PATH: "C:/Users/jonas/Downloads/rompecabezas-kinect-c/vcpkg_installed/vcpkg/blds/sdl2/src/se-2.32.10-3b143ac573.clean/cmake"
      CMAKE_MSVC_DEBUG_INFORMATION_FORMAT: ""
      CMAKE_MSVC_RUNTIME_LIBRARY: "MultiThreaded$<$<CONFIG:Debug>:Debug>$<$<STREQUAL:dynamic,dynamic>:DLL>"
      VCPKG_CHAINLOAD_TOOLCHAIN_FILE: "C:/Program Files/Microsoft Visual Studio/2022/Community/VC/vcpkg/scripts/toolchains/windows.cmake"
      VCPKG_CRT_LINKAGE: "dynamic"
      VCPKG_CXX_FLAGS: ""
      VCPKG_CXX_FLAGS_DEBUG: ""
      VCPKG_CXX_FLAGS_RELEASE: ""
      VCPKG_C_FLAGS: ""
      VCPKG_C_FLAGS_DEBUG: ""
      VCPKG_C_FLAGS_RELEASE: ""
      VCPKG_INSTALLED_DIR: "C:/Users/jonas/Downloads/rompecabezas-kinect-c/vcpkg_installed"
      VCPKG_LINKER_FLAGS: ""
      VCPKG_LINKER_FLAGS_DEBUG: ""
      VCPKG_LINKER_FLAGS_RELEASE: ""
      VCPKG_PLATFORM_TOOLSET: "v143"
      VCPKG_PREFER_SYSTEM_LIBS: "OFF"
      VCPKG_SET_CHARSET_FLAG: "ON"
      VCPKG_TARGET_ARCHITECTURE: "x64"
      VCPKG_TARGET_TRIPLET: "x64-windows"
      Z_VCPKG_ROOT_DIR: "C:/Program Files/Microsoft Visual Studio/2022/Community/VC/vcpkg"
    buildResult:
      variable: "HAVE_XINPUT_H"
      cached: true
      stdout: |
        Change Dir: 'C:/Users/jonas/Downloads/rompecabezas-kinect-c/vcpkg_installed/vcpkg/blds/sdl2/x64-windows-dbg/CMakeFiles/CMakeScratch/TryCompile-gy6afu'
        
        Run Build Command(s): "C:/Program Files/Microsoft Visual Studio/2022/Community/Common7/IDE/CommonExtensions/Microsoft/CMake/Ninja/ninja.exe" -v cmTC_b7a1c
        [1/2] C:\\PROGRA~1\\MIB055~1\\2022\\COMMUN~1\\VC\\Tools\\MSVC\\1444~1.352\\bin\\Hostx64\\x64\\cl.exe  /nologo -DHAVE_XINPUT_H  /nologo /DWIN32 /D_WINDOWS /utf-8 /MP   -D_GNU_SOURCE=1 /MDd /Z7 /Ob0 /Od /RTC1  -MDd /showIncludes /FoCMakeFiles\\cmTC_b7a1c.dir\\src.c.obj /FdCMakeFiles\\cmTC_b7a1c.dir\\ /FS -c C:\\Users\\jonas\\Downloads\\rompecabezas-kinect-c\\vcpkg_installed\\vcpkg\\blds\\sdl2\\x64-windows-dbg\\CMakeFiles\\CMakeScratch\\TryCompile-gy6afu\\src.c
        [2/2] C:\\WINDOWS\\system32\\cmd.exe /C "cd . && "C:\\Program Files\\Microsoft Visual Studio\\2022\\Community\\Common7\\IDE\\CommonExtensions\\Microsoft\\CMake\\CMake\\bin\\cmake.exe" -E vs_link_exe --msvc-ver=1944 --intdir=CMakeFiles\\cmTC_b7a1c.dir --rc=C:\\PROGRA~2\\WI3CF2~1\\10\\bin\\100261~1.0\\x64\\rc.exe --mt=C:\\PROGRA~2\\WI3CF2~1\\10\\bin\\100261~1.0\\x64\\mt.exe --manifests  -- C:\\PROGRA~1\\MIB055~1\\2022\\COMMUN~1\\VC\\Tools\\MSVC\\1444~1.352\\bin\\Hostx64\\x64\\link.exe /nologo CMakeFiles\\cmTC_b7a1c.dir\\src.c.obj  /out:cmTC_b7a1c.exe /implib:cmTC_b7a1c.lib /pdb:cmTC_b7a1c.pdb /version:0.0 /machine:x64  /nologo    /debug /INCREMENTAL /subsystem:console  kernel32.lib user32.lib gdi32.lib winspool.lib shell32.lib ole32.lib oleaut32.lib uuid.lib comdlg32.lib advapi32.lib && cd ."
        
      exitCode: 0
  -
    kind: "try_compile-v1"
    backtrace:
      - "C:/Program Files/Microsoft Visual Studio/2022/Community/Common7/IDE/CommonExtensions/Microsoft/CMake/CMake/share/cmake-3.31/Modules/Internal/CheckSourceCompiles.cmake:108 (try_compile)"
      - "C:/Program Files/Microsoft Visual Studio/2022/Community/Common7/IDE/CommonExtensions/Microsoft/CMake/CMake/share/cmake-3.31/Modules/CheckCSourceCompiles.cmake:58 (cmake_check_source_compiles)"
      - "CMakeLists.txt:1857 (check_c_source_compiles)"
    checks:
      - "Performing Test HAVE_WINDOWS_GAMING_INPUT_H"
    directories:
      source: "C:/Users/jonas/Downloads/rompecabezas-kinect-c/vcpkg_installed/vcpkg/blds/sdl2/x64-windows-dbg/CMakeFiles/CMakeScratch/TryCompile-1tmqwi"
      binary: "C:/Users/jonas/Downloads/rompecabezas-kinect-c/vcpkg_installed/vcpkg/blds/sdl2/x64-windows-dbg/CMakeFiles/CMakeScratch/TryCompile-1tmqwi"
    cmakeVariables:
      CMAKE_C_FLAGS: " /nologo /DWIN32 /D_WINDOWS /utf-8 /MP "
      CMAKE_C_FLAGS_DEBUG: "/MDd /Z7 /Ob0 /Od /RTC1 "
      CMAKE_EXE_LINKER_FLAGS: "/machine:x64"
      CMAKE_MODULE_PATH: "C:/Users/jonas/Downloads/rompecabezas-kinect-c/vcpkg_installed/vcpkg/blds/sdl2/src/se-2.32.10-3b143ac573.clean/cmake"
      CMAKE_MSVC_DEBUG_INFORMATION_FORMAT: ""
      CMAKE_MSVC_RUNTIME_LIBRARY: "MultiThreaded$<$<CONFIG:Debug>:Debug>$<$<STREQUAL:dynamic,dynamic>:DLL>"
      VCPKG_CHAINLOAD_TOOLCHAIN_FILE: "C:/Program Files/Microsoft Visual Studio/2022/Community/VC/vcpkg/scripts/toolchains/windows.cmake"
      VCPKG_CRT_LINKAGE: "dynamic"
      VCPKG_CXX_FLAGS: ""
      VCPKG_CXX_FLAGS_DEBUG: ""
      VCPKG_CXX_FLAGS_RELEASE: ""
      VCPKG_C_FLAGS: ""
      VCPKG_C_FLAGS_DEBUG: ""
      VCPKG_C_FLAGS_RELEASE: ""
      VCPKG_INSTALLED_DIR: "C:/Users/jonas/Downloads/rompecabezas-kinect-c/vcpkg_installed"
      VCPKG_LINKER_FLAGS: ""
      VCPKG_LINKER_FLAGS_DEBUG: ""
      VCPKG_LINKER_FLAGS_RELEASE: ""
      VCPKG_PLATFORM_TOOLSET: "v143"
      VCPKG_PREFER_SYSTEM_LIBS: "OFF"
      VCPKG_SET_CHARSET_FLAG: "ON"
      VCPKG_TARGET_ARCHITECTURE: "x64"
      VCPKG_TARGET_TRIPLET: "x64-windows"
      Z_VCPKG_ROOT_DIR: "C:/Program Files/Microsoft Visual Studio/2022/Community/VC/vcpkg"
    buildResult:
      variable: "HAVE_WINDOWS_GAMING_INPUT_H"
      cached: true
      stdout: |
        Change Dir: 'C:/Users/jonas/Downloads/rompecabezas-kinect-c/vcpkg_installed/vcpkg/blds/sdl2/x64-windows-dbg/CMakeFiles/CMakeScratch/TryCompile-1tmqwi'
        
        Run Build Command(s): "C:/Program Files/Microsoft Visual Studio/2022/Community/Common7/IDE/CommonExtensions/Microsoft/CMake/Ninja/ninja.exe" -v cmTC_64638
        [1/2] C:\\PROGRA~1\\MIB055~1\\2022\\COMMUN~1\\VC\\Tools\\MSVC\\1444~1.352\\bin\\Hostx64\\x64\\cl.exe  /nologo -DHAVE_WINDOWS_GAMING_INPUT_H  /nologo /DWIN32 /D_WINDOWS /utf-8 /MP   -D_GNU_SOURCE=1 /MDd /Z7 /Ob0 /Od /RTC1  -MDd /showIncludes /FoCMakeFiles\\cmTC_64638.dir\\src.c.obj /FdCMakeFiles\\cmTC_64638.dir\\ /FS -c C:\\Users\\jonas\\Downloads\\rompecabezas-kinect-c\\vcpkg_installed\\vcpkg\\blds\\sdl2\\x64-windows-dbg\\CMakeFiles\\CMakeScratch\\TryCompile-1tmqwi\\src.c
        [2/2] C:\\WINDOWS\\system32\\cmd.exe /C "cd . && "C:\\Program Files\\Microsoft Visual Studio\\2022\\Community\\Common7\\IDE\\CommonExtensions\\Microsoft\\CMake\\CMake\\bin\\cmake.exe" -E vs_link_exe --msvc-ver=1944 --intdir=CMakeFiles\\cmTC_64638.dir --rc=C:\\PROGRA~2\\WI3CF2~1\\10\\bin\\100261~1.0\\x64\\rc.exe --mt=C:\\PROGRA~2\\WI3CF2~1\\10\\bin\\100261~1.0\\x64\\mt.exe --manifests  -- C:\\PROGRA~1\\MIB055~1\\2022\\COMMUN~1\\VC\\Tools\\MSVC\\1444~1.352\\bin\\Hostx64\\x64\\link.exe /nologo CMakeFiles\\cmTC_64638.dir\\src.c.obj  /out:cmTC_64638.exe /implib:cmTC_64638.lib /pdb:cmTC_64638.pdb /version:0.0 /machine:x64  /nologo    /debug /INCREMENTAL /subsystem:console  kernel32.lib user32.lib gdi32.lib winspool.lib shell32.lib ole32.lib oleaut32.lib uuid.lib comdlg32.lib advapi32.lib && cd ."
        
      exitCode: 0
  -
    kind: "try_compile-v1"
    backtrace:
      - "C:/Program Files/Microsoft Visual Studio/2022/Community/Common7/IDE/CommonExtensions/Microsoft/CMake/CMake/share/cmake-3.31/Modules/CheckIncludeFile.cmake:99 (try_compile)"
      - "CMakeLists.txt:1865 (check_include_file)"
    checks:
      - "Looking for tpcshrd.h"
    directories:
      source: "C:/Users/jonas/Downloads/rompecabezas-kinect-c/vcpkg_installed/vcpkg/blds/sdl2/x64-windows-dbg/CMakeFiles/CMakeScratch/TryCompile-5csbvh"
      binary: "C:/Users/jonas/Downloads/rompecabezas-kinect-c/vcpkg_installed/vcpkg/blds/sdl2/x64-windows-dbg/CMakeFiles/CMakeScratch/TryCompile-5csbvh"
    cmakeVariables:
      CMAKE_C_FLAGS: " /nologo /DWIN32 /D_WINDOWS /utf-8 /MP "
      CMAKE_C_FLAGS_DEBUG: "/MDd /Z7 /Ob0 /Od /RTC1 "
      CMAKE_EXE_LINKER_FLAGS: "/machine:x64"
      CMAKE_MODULE_PATH: "C:/Users/jonas/Downloads/rompecabezas-kinect-c/vcpkg_installed/vcpkg/blds/sdl2/src/se-2.32.10-3b143ac573.clean/cmake"
      CMAKE_MSVC_DEBUG_INFORMATION_FORMAT: ""
      CMAKE_MSVC_RUNTIME_LIBRARY: "MultiThreaded$<$<CONFIG:Debug>:Debug>$<$<STREQUAL:dynamic,dynamic>:DLL>"
      VCPKG_CHAINLOAD_TOOLCHAIN_FILE: "C:/Program Files/Microsoft Visual Studio/2022/Community/VC/vcpkg/scripts/toolchains/windows.cmake"
      VCPKG_CRT_LINKAGE: "dynamic"
      VCPKG_CXX_FLAGS: ""
      VCPKG_CXX_FLAGS_DEBUG: ""
      VCPKG_CXX_FLAGS_RELEASE: ""
      VCPKG_C_FLAGS: ""
      VCPKG_C_FLAGS_DEBUG: ""
      VCPKG_C_FLAGS_RELEASE: ""
      VCPKG_INSTALLED_DIR: "C:/Users/jonas/Downloads/rompecabezas-kinect-c/vcpkg_installed"
      VCPKG_LINKER_FLAGS: ""
      VCPKG_LINKER_FLAGS_DEBUG: ""
      VCPKG_LINKER_FLAGS_RELEASE: ""
      VCPKG_PLATFORM_TOOLSET: "v143"
      VCPKG_PREFER_SYSTEM_LIBS: "OFF"
      VCPKG_SET_CHARSET_FLAG: "ON"
      VCPKG_TARGET_ARCHITECTURE: "x64"
      VCPKG_TARGET_TRIPLET: "x64-windows"
      Z_VCPKG_ROOT_DIR: "C:/Program Files/Microsoft Visual Studio/2022/Community/VC/vcpkg"
    buildResult:
      variable: "HAVE_TPCSHRD_H"
      cached: true
      stdout: |
        Change Dir: 'C:/Users/jonas/Downloads/rompecabezas-kinect-c/vcpkg_installed/vcpkg/blds/sdl2/x64-windows-dbg/CMakeFiles/CMakeScratch/TryCompile-5csbvh'
        
        Run Build Command(s): "C:/Program Files/Microsoft Visual Studio/2022/Community/Common7/IDE/CommonExtensions/Microsoft/CMake/Ninja/ninja.exe" -v cmTC_5c965
        [1/2] C:\\PROGRA~1\\MIB055~1\\2022\\COMMUN~1\\VC\\Tools\\MSVC\\1444~1.352\\bin\\Hostx64\\x64\\cl.exe  /nologo   /nologo /DWIN32 /D_WINDOWS /utf-8 /MP   -D_GNU_SOURCE=1 /MDd /Z7 /Ob0 /Od /RTC1  -MDd /showIncludes /FoCMakeFiles\\cmTC_5c965.dir\\CheckIncludeFile.c.obj /FdCMakeFiles\\cmTC_5c965.dir\\ /FS -c C:\\Users\\jonas\\Downloads\\rompecabezas-kinect-c\\vcpkg_installed\\vcpkg\\blds\\sdl2\\x64-windows-dbg\\CMakeFiles\\CMakeScratch\\TryCompile-5csbvh\\CheckIncludeFile.c
        [2/2] C:\\WINDOWS\\system32\\cmd.exe /C "cd . && "C:\\Program Files\\Microsoft Visual Studio\\2022\\Community\\Common7\\IDE\\CommonExtensions\\Microsoft\\CMake\\CMake\\bin\\cmake.exe" -E vs_link_exe --msvc-ver=1944 --intdir=CMakeFiles\\cmTC_5c965.dir --rc=C:\\PROGRA~2\\WI3CF2~1\\10\\bin\\100261~1.0\\x64\\rc.exe --mt=C:\\PROGRA~2\\WI3CF2~1\\10\\bin\\100261~1.0\\x64\\mt.exe --manifests  -- C:\\PROGRA~1\\MIB055~1\\2022\\COMMUN~1\\VC\\Tools\\MSVC\\1444~1.352\\bin\\Hostx64\\x64\\link.exe /nologo CMakeFiles\\cmTC_5c965.dir\\CheckIncludeFile.c.obj  /out:cmTC_5c965.exe /implib:cmTC_5c965.lib /pdb:cmTC_5c965.pdb /version:0.0 /machine:x64  /nologo    /debug /INCREMENTAL /subsystem:console  kernel32.lib user32.lib gdi32.lib winspool.lib shell32.lib ole32.lib oleaut32.lib uuid.lib comdlg32.lib advapi32.lib && cd ."
        
      exitCode: 0
  -
    kind: "try_compile-v1"
    backtrace:
      - "C:/Program Files/Microsoft Visual Studio/2022/Community/Common7/IDE/CommonExtensions/Microsoft/CMake/CMake/share/cmake-3.31/Modules/CheckIncludeFile.cmake:99 (try_compile)"
      - "CMakeLists.txt:1866 (check_include_file)"
    checks:
      - "Looking for roapi.h"
    directories:
      source: "C:/Users/jonas/Downloads/rompecabezas-kinect-c/vcpkg_installed/vcpkg/blds/sdl2/x64-windows-dbg/CMakeFiles/CMakeScratch/TryCompile-ni06hm"
      binary: "C:/Users/jonas/Downloads/rompecabezas-kinect-c/vcpkg_installed/vcpkg/blds/sdl2/x64-windows-dbg/CMakeFiles/CMakeScratch/TryCompile-ni06hm"
    cmakeVariables:
      CMAKE_C_FLAGS: " /nologo /DWIN32 /D_WINDOWS /utf-8 /MP "
      CMAKE_C_FLAGS_DEBUG: "/MDd /Z7 /Ob0 /Od /RTC1 "
      CMAKE_EXE_LINKER_FLAGS: "/machine:x64"
      CMAKE_MODULE_PATH: "C:/Users/jonas/Downloads/rompecabezas-kinect-c/vcpkg_installed/vcpkg/blds/sdl2/src/se-2.32.10-3b143ac573.clean/cmake"
      CMAKE_MSVC_DEBUG_INFORMATION_FORMAT: ""
      CMAKE_MSVC_RUNTIME_LIBRARY: "MultiThreaded$<$<CONFIG:Debug>:Debug>$<$<STREQUAL:dynamic,dynamic>:DLL>"
      VCPKG_CHAINLOAD_TOOLCHAIN_FILE: "C:/Program Files/Microsoft Visual Studio/2022/Community/VC/vcpkg/scripts/toolchains/windows.cmake"
      VCPKG_CRT_LINKAGE: "dynamic"
      VCPKG_CXX_FLAGS: ""
      VCPKG_CXX_FLAGS_DEBUG: ""
      VCPKG_CXX_FLAGS_RELEASE: ""
      VCPKG_C_FLAGS: ""
      VCPKG_C_FLAGS_DEBUG: ""
      VCPKG_C_FLAGS_RELEASE: ""
      VCPKG_INSTALLED_DIR: "C:/Users/jonas/Downloads/rompecabezas-kinect-c/vcpkg_installed"
      VCPKG_LINKER_FLAGS: ""
      VCPKG_LINKER_FLAGS_DEBUG: ""
      VCPKG_LINKER_FLAGS_RELEASE: ""
      VCPKG_PLATFORM_TOOLSET: "v143"
      VCPKG_PREFER_SYSTEM_LIBS: "OFF"
      VCPKG_SET_CHARSET_FLAG: "ON"
      VCPKG_TARGET_ARCHITECTURE: "x64"
      VCPKG_TARGET_TRIPLET: "x64-windows"
      Z_VCPKG_ROOT_DIR: "C:/Program Files/Microsoft Visual Studio/2022/Community/VC/vcpkg"
    buildResult:
      variable: "HAVE_ROAPI_H"
      cached: true
      stdout: |
        Change Dir: 'C:/Users/jonas/Downloads/rompecabezas-kinect-c/vcpkg_installed/vcpkg/blds/sdl2/x64-windows-dbg/CMakeFiles/CMakeScratch/TryCompile-ni06hm'
        
        Run Build Command(s): "C:/Program Files/Microsoft Visual Studio/2022/Community/Common7/IDE/CommonExtensions/Microsoft/CMake/Ninja/ninja.exe" -v cmTC_1944d
        [1/2] C:\\PROGRA~1\\MIB055~1\\2022\\COMMUN~1\\VC\\Tools\\MSVC\\1444~1.352\\bin\\Hostx64\\x64\\cl.exe  /nologo   /nologo /DWIN32 /D_WINDOWS /utf-8 /MP   -D_GNU_SOURCE=1 /MDd /Z7 /Ob0 /Od /RTC1  -MDd /showIncludes /FoCMakeFiles\\cmTC_1944d.dir\\CheckIncludeFile.c.obj /FdCMakeFiles\\cmTC_1944d.dir\\ /FS -c C:\\Users\\jonas\\Downloads\\rompecabezas-kinect-c\\vcpkg_installed\\vcpkg\\blds\\sdl2\\x64-windows-dbg\\CMakeFiles\\CMakeScratch\\TryCompile-ni06hm\\CheckIncludeFile.c
        [2/2] C:\\WINDOWS\\system32\\cmd.exe /C "cd . && "C:\\Program Files\\Microsoft Visual Studio\\2022\\Community\\Common7\\IDE\\CommonExtensions\\Microsoft\\CMake\\CMake\\bin\\cmake.exe" -E vs_link_exe --msvc-ver=1944 --intdir=CMakeFiles\\cmTC_1944d.dir --rc=C:\\PROGRA~2\\WI3CF2~1\\10\\bin\\100261~1.0\\x64\\rc.exe --mt=C:\\PROGRA~2\\WI3CF2~1\\10\\bin\\100261~1.0\\x64\\mt.exe --manifests  -- C:\\PROGRA~1\\MIB055~1\\2022\\COMMUN~1\\VC\\Tools\\MSVC\\1444~1.352\\bin\\Hostx64\\x64\\link.exe /nologo CMakeFiles\\cmTC_1944d.dir\\CheckIncludeFile.c.obj  /out:cmTC_1944d.exe /implib:cmTC_1944d.lib /pdb:cmTC_1944d.pdb /version:0.0 /machine:x64  /nologo    /debug /INCREMENTAL /subsystem:console  kernel32.lib user32.lib gdi32.lib winspool.lib shell32.lib ole32.lib oleaut32.lib uuid.lib comdlg32.lib advapi32.lib && cd ."
        
      exitCode: 0
  -
    kind: "try_compile-v1"
    backtrace:
      - "C:/Program Files/Microsoft Visual Studio/2022/Community/Common7/IDE/CommonExtensions/Microsoft/CMake/CMake/share/cmake-3.31/Modules/CheckIncludeFile.cmake:99 (try_compile)"
      - "CMakeLists.txt:1867 (check_include_file)"
    checks:
      - "Looking for mmdeviceapi.h"
    directories:
      source: "C:/Users/jonas/Downloads/rompecabezas-kinect-c/vcpkg_installed/vcpkg/blds/sdl2/x64-windows-dbg/CMakeFiles/CMakeScratch/TryCompile-nx841n"
      binary: "C:/Users/jonas/Downloads/rompecabezas-kinect-c/vcpkg_installed/vcpkg/blds/sdl2/x64-windows-dbg/CMakeFiles/CMakeScratch/TryCompile-nx841n"
    cmakeVariables:
      CMAKE_C_FLAGS: " /nologo /DWIN32 /D_WINDOWS /utf-8 /MP "
      CMAKE_C_FLAGS_DEBUG: "/MDd /Z7 /Ob0 /Od /RTC1 "
      CMAKE_EXE_LINKER_FLAGS: "/machine:x64"
      CMAKE_MODULE_PATH: "C:/Users/jonas/Downloads/rompecabezas-kinect-c/vcpkg_installed/vcpkg/blds/sdl2/src/se-2.32.10-3b143ac573.clean/cmake"
      CMAKE_MSVC_DEBUG_INFORMATION_FORMAT: ""
      CMAKE_MSVC_RUNTIME_LIBRARY: "MultiThreaded$<$<CONFIG:Debug>:Debug>$<$<STREQUAL:dynamic,dynamic>:DLL>"
      VCPKG_CHAINLOAD_TOOLCHAIN_FILE: "C:/Program Files/Microsoft Visual Studio/2022/Community/VC/vcpkg/scripts/toolchains/windows.cmake"
      VCPKG_CRT_LINKAGE: "dynamic"
      VCPKG_CXX_FLAGS: ""
      VCPKG_CXX_FLAGS_DEBUG: ""
      VCPKG_CXX_FLAGS_RELEASE: ""
      VCPKG_C_FLAGS: ""
      VCPKG_C_FLAGS_DEBUG: ""
      VCPKG_C_FLAGS_RELEASE: ""
      VCPKG_INSTALLED_DIR: "C:/Users/jonas/Downloads/rompecabezas-kinect-c/vcpkg_installed"
      VCPKG_LINKER_FLAGS: ""
      VCPKG_LINKER_FLAGS_DEBUG: ""
      VCPKG_LINKER_FLAGS_RELEASE: ""
      VCPKG_PLATFORM_TOOLSET: "v143"
      VCPKG_PREFER_SYSTEM_LIBS: "OFF"
      VCPKG_SET_CHARSET_FLAG: "ON"
      VCPKG_TARGET_ARCHITECTURE: "x64"
      VCPKG_TARGET_TRIPLET: "x64-windows"
      Z_VCPKG_ROOT_DIR: "C:/Program Files/Microsoft Visual Studio/2022/Community/VC/vcpkg"
    buildResult:
      variable: "HAVE_MMDEVICEAPI_H"
      cached: true
      stdout: |
        Change Dir: 'C:/Users/jonas/Downloads/rompecabezas-kinect-c/vcpkg_installed/vcpkg/blds/sdl2/x64-windows-dbg/CMakeFiles/CMakeScratch/TryCompile-nx841n'
        
        Run Build Command(s): "C:/Program Files/Microsoft Visual Studio/2022/Community/Common7/IDE/CommonExtensions/Microsoft/CMake/Ninja/ninja.exe" -v cmTC_59c11
        [1/2] C:\\PROGRA~1\\MIB055~1\\2022\\COMMUN~1\\VC\\Tools\\MSVC\\1444~1.352\\bin\\Hostx64\\x64\\cl.exe  /nologo   /nologo /DWIN32 /D_WINDOWS /utf-8 /MP   -D_GNU_SOURCE=1 /MDd /Z7 /Ob0 /Od /RTC1  -MDd /showIncludes /FoCMakeFiles\\cmTC_59c11.dir\\CheckIncludeFile.c.obj /FdCMakeFiles\\cmTC_59c11.dir\\ /FS -c C:\\Users\\jonas\\Downloads\\rompecabezas-kinect-c\\vcpkg_installed\\vcpkg\\blds\\sdl2\\x64-windows-dbg\\CMakeFiles\\CMakeScratch\\TryCompile-nx841n\\CheckIncludeFile.c
        [2/2] C:\\WINDOWS\\system32\\cmd.exe /C "cd . && "C:\\Program Files\\Microsoft Visual Studio\\2022\\Community\\Common7\\IDE\\CommonExtensions\\Microsoft\\CMake\\CMake\\bin\\cmake.exe" -E vs_link_exe --msvc-ver=1944 --intdir=CMakeFiles\\cmTC_59c11.dir --rc=C:\\PROGRA~2\\WI3CF2~1\\10\\bin\\100261~1.0\\x64\\rc.exe --mt=C:\\PROGRA~2\\WI3CF2~1\\10\\bin\\100261~1.0\\x64\\mt.exe --manifests  -- C:\\PROGRA~1\\MIB055~1\\2022\\COMMUN~1\\VC\\Tools\\MSVC\\1444~1.352\\bin\\Hostx64\\x64\\link.exe /nologo CMakeFiles\\cmTC_59c11.dir\\CheckIncludeFile.c.obj  /out:cmTC_59c11.exe /implib:cmTC_59c11.lib /pdb:cmTC_59c11.pdb /version:0.0 /machine:x64  /nologo    /debug /INCREMENTAL /subsystem:console  kernel32.lib user32.lib gdi32.lib winspool.lib shell32.lib ole32.lib oleaut32.lib uuid.lib comdlg32.lib advapi32.lib && cd ."
        
      exitCode: 0
  -
    kind: "try_compile-v1"
    backtrace:
      - "C:/Program Files/Microsoft Visual Studio/2022/Community/Common7/IDE/CommonExtensions/Microsoft/CMake/CMake/share/cmake-3.31/Modules/CheckIncludeFile.cmake:99 (try_compile)"
      - "CMakeLists.txt:1868 (check_include_file)"
    checks:
      - "Looking for audioclient.h"
    directories:
      source: "C:/Users/jonas/Downloads/rompecabezas-kinect-c/vcpkg_installed/vcpkg/blds/sdl2/x64-windows-dbg/CMakeFiles/CMakeScratch/TryCompile-drq8zg"
      binary: "C:/Users/jonas/Downloads/rompecabezas-kinect-c/vcpkg_installed/vcpkg/blds/sdl2/x64-windows-dbg/CMakeFiles/CMakeScratch/TryCompile-drq8zg"
    cmakeVariables:
      CMAKE_C_FLAGS: " /nologo /DWIN32 /D_WINDOWS /utf-8 /MP "
      CMAKE_C_FLAGS_DEBUG: "/MDd /Z7 /Ob0 /Od /RTC1 "
      CMAKE_EXE_LINKER_FLAGS: "/machine:x64"
      CMAKE_MODULE_PATH: "C:/Users/jonas/Downloads/rompecabezas-kinect-c/vcpkg_installed/vcpkg/blds/sdl2/src/se-2.32.10-3b143ac573.clean/cmake"
      CMAKE_MSVC_DEBUG_INFORMATION_FORMAT: ""
      CMAKE_MSVC_RUNTIME_LIBRARY: "MultiThreaded$<$<CONFIG:Debug>:Debug>$<$<STREQUAL:dynamic,dynamic>:DLL>"
      VCPKG_CHAINLOAD_TOOLCHAIN_FILE: "C:/Program Files/Microsoft Visual Studio/2022/Community/VC/vcpkg/scripts/toolchains/windows.cmake"
      VCPKG_CRT_LINKAGE: "dynamic"
      VCPKG_CXX_FLAGS: ""
      VCPKG_CXX_FLAGS_DEBUG: ""
      VCPKG_CXX_FLAGS_RELEASE: ""
      VCPKG_C_FLAGS: ""
      VCPKG_C_FLAGS_DEBUG: ""
      VCPKG_C_FLAGS_RELEASE: ""
      VCPKG_INSTALLED_DIR: "C:/Users/jonas/Downloads/rompecabezas-kinect-c/vcpkg_installed"
      VCPKG_LINKER_FLAGS: ""
      VCPKG_LINKER_FLAGS_DEBUG: ""
      VCPKG_LINKER_FLAGS_RELEASE: ""
      VCPKG_PLATFORM_TOOLSET: "v143"
      VCPKG_PREFER_SYSTEM_LIBS: "OFF"
      VCPKG_SET_CHARSET_FLAG: "ON"
      VCPKG_TARGET_ARCHITECTURE: "x64"
      VCPKG_TARGET_TRIPLET: "x64-windows"
      Z_VCPKG_ROOT_DIR: "C:/Program Files/Microsoft Visual Studio/2022/Community/VC/vcpkg"
    buildResult:
      variable: "HAVE_AUDIOCLIENT_H"
      cached: true
      stdout: |
        Change Dir: 'C:/Users/jonas/Downloads/rompecabezas-kinect-c/vcpkg_installed/vcpkg/blds/sdl2/x64-windows-dbg/CMakeFiles/CMakeScratch/TryCompile-drq8zg'
        
        Run Build Command(s): "C:/Program Files/Microsoft Visual Studio/2022/Community/Common7/IDE/CommonExtensions/Microsoft/CMake/Ninja/ninja.exe" -v cmTC_7f0f5
        [1/2] C:\\PROGRA~1\\MIB055~1\\2022\\COMMUN~1\\VC\\Tools\\MSVC\\1444~1.352\\bin\\Hostx64\\x64\\cl.exe  /nologo   /nologo /DWIN32 /D_WINDOWS /utf-8 /MP   -D_GNU_SOURCE=1 /MDd /Z7 /Ob0 /Od /RTC1  -MDd /showIncludes /FoCMakeFiles\\cmTC_7f0f5.dir\\CheckIncludeFile.c.obj /FdCMakeFiles\\cmTC_7f0f5.dir\\ /FS -c C:\\Users\\jonas\\Downloads\\rompecabezas-kinect-c\\vcpkg_installed\\vcpkg\\blds\\sdl2\\x64-windows-dbg\\CMakeFiles\\CMakeScratch\\TryCompile-drq8zg\\CheckIncludeFile.c
        [2/2] C:\\WINDOWS\\system32\\cmd.exe /C "cd . && "C:\\Program Files\\Microsoft Visual Studio\\2022\\Community\\Common7\\IDE\\CommonExtensions\\Microsoft\\CMake\\CMake\\bin\\cmake.exe" -E vs_link_exe --msvc-ver=1944 --intdir=CMakeFiles\\cmTC_7f0f5.dir --rc=C:\\PROGRA~2\\WI3CF2~1\\10\\bin\\100261~1.0\\x64\\rc.exe --mt=C:\\PROGRA~2\\WI3CF2~1\\10\\bin\\100261~1.0\\x64\\mt.exe --manifests  -- C:\\PROGRA~1\\MIB055~1\\2022\\COMMUN~1\\VC\\Tools\\MSVC\\1444~1.352\\bin\\Hostx64\\x64\\link.exe /nologo CMakeFiles\\cmTC_7f0f5.dir\\CheckIncludeFile.c.obj  /out:cmTC_7f0f5.exe /implib:cmTC_7f0f5.lib /pdb:cmTC_7f0f5.pdb /version:0.0 /machine:x64  /nologo    /debug /INCREMENTAL /subsystem:console  kernel32.lib user32.lib gdi32.lib winspool.lib shell32.lib ole32.lib oleaut32.lib uuid.lib comdlg32.lib advapi32.lib && cd ."
        
      exitCode: 0
  -
    kind: "try_compile-v1"
    backtrace:
      - "C:/Program Files/Microsoft Visual Studio/2022/Community/Common7/IDE/CommonExtensions/Microsoft/CMake/CMake/share/cmake-3.31/Modules/CheckIncludeFile.cmake:99 (try_compile)"
      - "CMakeLists.txt:1869 (check_include_file)"
    checks:
      - "Looking for sensorsapi.h"
    directories:
      source: "C:/Users/jonas/Downloads/rompecabezas-kinect-c/vcpkg_installed/vcpkg/blds/sdl2/x64-windows-dbg/CMakeFiles/CMakeScratch/TryCompile-2hotag"
      binary: "C:/Users/jonas/Downloads/rompecabezas-kinect-c/vcpkg_installed/vcpkg/blds/sdl2/x64-windows-dbg/CMakeFiles/CMakeScratch/TryCompile-2hotag"
    cmakeVariables:
      CMAKE_C_FLAGS: " /nologo /DWIN32 /D_WINDOWS /utf-8 /MP "
      CMAKE_C_FLAGS_DEBUG: "/MDd /Z7 /Ob0 /Od /RTC1 "
      CMAKE_EXE_LINKER_FLAGS: "/machine:x64"
      CMAKE_MODULE_PATH: "C:/Users/jonas/Downloads/rompecabezas-kinect-c/vcpkg_installed/vcpkg/blds/sdl2/src/se-2.32.10-3b143ac573.clean/cmake"
      CMAKE_MSVC_DEBUG_INFORMATION_FORMAT: ""
      CMAKE_MSVC_RUNTIME_LIBRARY: "MultiThreaded$<$<CONFIG:Debug>:Debug>$<$<STREQUAL:dynamic,dynamic>:DLL>"
      VCPKG_CHAINLOAD_TOOLCHAIN_FILE: "C:/Program Files/Microsoft Visual Studio/2022/Community/VC/vcpkg/scripts/toolchains/windows.cmake"
      VCPKG_CRT_LINKAGE: "dynamic"
      VCPKG_CXX_FLAGS: ""
      VCPKG_CXX_FLAGS_DEBUG: ""
      VCPKG_CXX_FLAGS_RELEASE: ""
      VCPKG_C_FLAGS: ""
      VCPKG_C_FLAGS_DEBUG: ""
      VCPKG_C_FLAGS_RELEASE: ""
      VCPKG_INSTALLED_DIR: "C:/Users/jonas/Downloads/rompecabezas-kinect-c/vcpkg_installed"
      VCPKG_LINKER_FLAGS: ""
      VCPKG_LINKER_FLAGS_DEBUG: ""
      VCPKG_LINKER_FLAGS_RELEASE: ""
      VCPKG_PLATFORM_TOOLSET: "v143"
      VCPKG_PREFER_SYSTEM_LIBS: "OFF"
      VCPKG_SET_CHARSET_FLAG: "ON"
      VCPKG_TARGET_ARCHITECTURE: "x64"
      VCPKG_TARGET_TRIPLET: "x64-windows"
      Z_VCPKG_ROOT_DIR: "C:/Program Files/Microsoft Visual Studio/2022/Community/VC/vcpkg"
    buildResult:
      variable: "HAVE_SENSORSAPI_H"
      cached: true
      stdout: |
        Change Dir: 'C:/Users/jonas/Downloads/rompecabezas-kinect-c/vcpkg_installed/vcpkg/blds/sdl2/x64-windows-dbg/CMakeFiles/CMakeScratch/TryCompile-2hotag'
        
        Run Build Command(s): "C:/Program Files/Microsoft Visual Studio/2022/Community/Common7/IDE/CommonExtensions/Microsoft/CMake/Ninja/ninja.exe" -v cmTC_48c4e
        [1/2] C:\\PROGRA~1\\MIB055~1\\2022\\COMMUN~1\\VC\\Tools\\MSVC\\1444~1.352\\bin\\Hostx64\\x64\\cl.exe  /nologo   /nologo /DWIN32 /D_WINDOWS /utf-8 /MP   -D_GNU_SOURCE=1 /MDd /Z7 /Ob0 /Od /RTC1  -MDd /showIncludes /FoCMakeFiles\\cmTC_48c4e.dir\\CheckIncludeFile.c.obj /FdCMakeFiles\\cmTC_48c4e.dir\\ /FS -c C:\\Users\\jonas\\Downloads\\rompecabezas-kinect-c\\vcpkg_installed\\vcpkg\\blds\\sdl2\\x64-windows-dbg\\CMakeFiles\\CMakeScratch\\TryCompile-2hotag\\CheckIncludeFile.c
        [2/2] C:\\WINDOWS\\system32\\cmd.exe /C "cd . && "C:\\Program Files\\Microsoft Visual Studio\\2022\\Community\\Common7\\IDE\\CommonExtensions\\Microsoft\\CMake\\CMake\\bin\\cmake.exe" -E vs_link_exe --msvc-ver=1944 --intdir=CMakeFiles\\cmTC_48c4e.dir --rc=C:\\PROGRA~2\\WI3CF2~1\\10\\bin\\100261~1.0\\x64\\rc.exe --mt=C:\\PROGRA~2\\WI3CF2~1\\10\\bin\\100261~1.0\\x64\\mt.exe --manifests  -- C:\\PROGRA~1\\MIB055~1\\2022\\COMMUN~1\\VC\\Tools\\MSVC\\1444~1.352\\bin\\Hostx64\\x64\\link.exe /nologo CMakeFiles\\cmTC_48c4e.dir\\CheckIncludeFile.c.obj  /out:cmTC_48c4e.exe /implib:cmTC_48c4e.lib /pdb:cmTC_48c4e.pdb /version:0.0 /machine:x64  /nologo    /debug /INCREMENTAL /subsystem:console  kernel32.lib user32.lib gdi32.lib winspool.lib shell32.lib ole32.lib oleaut32.lib uuid.lib comdlg32.lib advapi32.lib && cd ."
        
      exitCode: 0
  -
    kind: "try_compile-v1"
    backtrace:
      - "C:/Program Files/Microsoft Visual Studio/2022/Community/Common7/IDE/CommonExtensions/Microsoft/CMake/CMake/share/cmake-3.31/Modules/CheckIncludeFile.cmake:99 (try_compile)"
      - "CMakeLists.txt:1870 (check_include_file)"
    checks:
      - "Looking for shellscalingapi.h"
    directories:
      source: "C:/Users/jonas/Downloads/rompecabezas-kinect-c/vcpkg_installed/vcpkg/blds/sdl2/x64-windows-dbg/CMakeFiles/CMakeScratch/TryCompile-0db6c7"
      binary: "C:/Users/jonas/Downloads/rompecabezas-kinect-c/vcpkg_installed/vcpkg/blds/sdl2/x64-windows-dbg/CMakeFiles/CMakeScratch/TryCompile-0db6c7"
    cmakeVariables:
      CMAKE_C_FLAGS: " /nologo /DWIN32 /D_WINDOWS /utf-8 /MP "
      CMAKE_C_FLAGS_DEBUG: "/MDd /Z7 /Ob0 /Od /RTC1 "
      CMAKE_EXE_LINKER_FLAGS: "/machine:x64"
      CMAKE_MODULE_PATH: "C:/Users/jonas/Downloads/rompecabezas-kinect-c/vcpkg_installed/vcpkg/blds/sdl2/src/se-2.32.10-3b143ac573.clean/cmake"
      CMAKE_MSVC_DEBUG_INFORMATION_FORMAT: ""
      CMAKE_MSVC_RUNTIME_LIBRARY: "MultiThreaded$<$<CONFIG:Debug>:Debug>$<$<STREQUAL:dynamic,dynamic>:DLL>"
      VCPKG_CHAINLOAD_TOOLCHAIN_FILE: "C:/Program Files/Microsoft Visual Studio/2022/Community/VC/vcpkg/scripts/toolchains/windows.cmake"
      VCPKG_CRT_LINKAGE: "dynamic"
      VCPKG_CXX_FLAGS: ""
      VCPKG_CXX_FLAGS_DEBUG: ""
      VCPKG_CXX_FLAGS_RELEASE: ""
      VCPKG_C_FLAGS: ""
      VCPKG_C_FLAGS_DEBUG: ""
      VCPKG_C_FLAGS_RELEASE: ""
      VCPKG_INSTALLED_DIR: "C:/Users/jonas/Downloads/rompecabezas-kinect-c/vcpkg_installed"
      VCPKG_LINKER_FLAGS: ""
      VCPKG_LINKER_FLAGS_DEBUG: ""
      VCPKG_LINKER_FLAGS_RELEASE: ""
      VCPKG_PLATFORM_TOOLSET: "v143"
      VCPKG_PREFER_SYSTEM_LIBS: "OFF"
      VCPKG_SET_CHARSET_FLAG: "ON"
      VCPKG_TARGET_ARCHITECTURE: "x64"
      VCPKG_TARGET_TRIPLET: "x64-windows"
      Z_VCPKG_ROOT_DIR: "C:/Program Files/Microsoft Visual Studio/2022/Community/VC/vcpkg"
    buildResult:
      variable: "HAVE_SHELLSCALINGAPI_H"
      cached: true
      stdout: |
        Change Dir: 'C:/Users/jonas/Downloads/rompecabezas-kinect-c/vcpkg_installed/vcpkg/blds/sdl2/x64-windows-dbg/CMakeFiles/CMakeScratch/TryCompile-0db6c7'
        
        Run Build Command(s): "C:/Program Files/Microsoft Visual Studio/2022/Community/Common7/IDE/CommonExtensions/Microsoft/CMake/Ninja/ninja.exe" -v cmTC_a6a08
        [1/2] C:\\PROGRA~1\\MIB055~1\\2022\\COMMUN~1\\VC\\Tools\\MSVC\\1444~1.352\\bin\\Hostx64\\x64\\cl.exe  /nologo   /nologo /DWIN32 /D_WINDOWS /utf-8 /MP   -D_GNU_SOURCE=1 /MDd /Z7 /Ob0 /Od /RTC1  -MDd /showIncludes /FoCMakeFiles\\cmTC_a6a08.dir\\CheckIncludeFile.c.obj /FdCMakeFiles\\cmTC_a6a08.dir\\ /FS -c C:\\Users\\jonas\\Downloads\\rompecabezas-kinect-c\\vcpkg_installed\\vcpkg\\blds\\sdl2\\x64-windows-dbg\\CMakeFiles\\CMakeScratch\\TryCompile-0db6c7\\CheckIncludeFile.c
        [2/2] C:\\WINDOWS\\system32\\cmd.exe /C "cd . && "C:\\Program Files\\Microsoft Visual Studio\\2022\\Community\\Common7\\IDE\\CommonExtensions\\Microsoft\\CMake\\CMake\\bin\\cmake.exe" -E vs_link_exe --msvc-ver=1944 --intdir=CMakeFiles\\cmTC_a6a08.dir --rc=C:\\PROGRA~2\\WI3CF2~1\\10\\bin\\100261~1.0\\x64\\rc.exe --mt=C:\\PROGRA~2\\WI3CF2~1\\10\\bin\\100261~1.0\\x64\\mt.exe --manifests  -- C:\\PROGRA~1\\MIB055~1\\2022\\COMMUN~1\\VC\\Tools\\MSVC\\1444~1.352\\bin\\Hostx64\\x64\\link.exe /nologo CMakeFiles\\cmTC_a6a08.dir\\CheckIncludeFile.c.obj  /out:cmTC_a6a08.exe /implib:cmTC_a6a08.lib /pdb:cmTC_a6a08.pdb /version:0.0 /machine:x64  /nologo    /debug /INCREMENTAL /subsystem:console  kernel32.lib user32.lib gdi32.lib winspool.lib shell32.lib ole32.lib oleaut32.lib uuid.lib comdlg32.lib advapi32.lib && cd ."
        
      exitCode: 0
...
